t_start_s,zm1_frame,spcmic_frame,zm1_order0_dBFS,zm1_order1_dBFS,zm1_order2_dBFS,zm1_order3_dBFS,spcmic_order0_dBFS,spcmic_order1_dBFS,spcmic_order2_dBFS,spcmic_order3_dBFS,diff_order0_dB,diff_order1_dB,diff_order2_dB,diff_order3_dB
0.0,0,8,-63.673,-78.808,-87.491,-89.056,-71.133,-66.076,-77.995,-79.432,7.459,-12.731,-9.496,-9.623
1.0,1,9,-64.256,-79.159,-87.597,-89.095,-70.922,-68.009,-77.775,-79.158,6.667,-11.150,-9.822,-9.937
2.0,2,10,-64.351,-79.073,-87.341,-89.101,-71.684,-68.993,-78.498,-79.864,7.333,-10.080,-8.843,-9.236
3.0,3,11,-56.065,-67.744,-85.517,-88.717,-55.502,-59.592,-62.480,-63.969,-0.563,-8.152,-23.037,-24.748
4.0,4,12,-38.618,-46.995,-66.546,-75.200,-40.262,-45.232,-46.743,-48.705,1.644,-1.763,-19.803,-26.495
5.0,5,13,-37.352,-44.745,-64.275,-77.257,-38.975,-42.632,-45.675,-47.460,1.623,-2.114,-18.600,-29.797
6.0,6,14,-32.507,-42.481,-59.248,-71.871,-34.497,-39.617,-41.216,-42.967,1.989,-2.864,-18.032,-28.904
7.0,7,15,-26.822,-36.924,-54.344,-65.482,-31.276,-36.807,-37.919,-39.729,4.454,-0.116,-16.424,-25.752
8.0,8,16,-30.895,-39.433,-57.478,-66.769,-34.523,-38.651,-41.551,-42.979,3.629,-0.782,-15.928,-23.790
9.0,9,17,-31.580,-41.682,-57.513,-65.729,-32.849,-40.681,-40.405,-41.181,1.269,-1.001,-17.108,-24.549
10.0,10,18,-33.225,-43.537,-58.538,-69.512,-37.035,-44.420,-43.457,-45.432,3.810,0.882,-15.081,-24.081
11.0,11,19,-31.960,-42.083,-60.785,-72.959,-35.150,-39.654,-41.513,-43.604,3.190,-2.429,-19.272,-29.355
12.0,12,20,-32.176,-41.054,-59.402,-72.674,-37.891,-41.081,-44.744,-46.361,5.715,0.027,-14.658,-26.313
13.0,13,21,-33.339,-43.616,-61.815,-75.240,-36.806,-42.194,-43.841,-45.248,3.467,-1.422,-17.973,-29.992
14.0,14,22,-32.041,-43.934,-63.346,-77.630,-34.234,-39.536,-41.038,-42.682,2.193,-4.398,-22.308,-34.949
15.0,15,23,-28.402,-38.640,-57.491,-67.668,-34.120,-40.203,-41.190,-42.526,5.719,1.563,-16.301,-25.142
16.0,16,24,-30.751,-39.489,-56.002,-63.366,-33.741,-38.056,-40.162,-42.202,2.990,-1.433,-15.840,-21.165
17.0,17,25,-27.411,-36.908,-52.033,-60.198,-28.800,-35.727,-36.202,-37.139,1.389,-1.182,-15.831,-23.059
18.0,18,26,-24.388,-34.214,-51.076,-60.408,-28.322,-33.618,-35.169,-36.786,3.934,-0.596,-15.908,-23.623
19.0,19,27,-29.224,-38.024,-52.285,-62.060,-30.677,-35.313,-38.868,-39.044,1.453,-2.710,-13.416,-23.017
20.0,20,28,-29.090,-35.243,-49.404,-57.762,-31.129,-36.763,-39.070,-39.491,2.039,1.520,-10.335,-18.271
21.0,21,29,-31.561,-39.832,-56.388,-66.003,-33.946,-38.379,-39.890,-42.460,2.384,-1.453,-16.498,-23.543
22.0,22,30,-30.042,-37.734,-52.179,-64.273,-33.589,-37.910,-40.323,-42.022,3.547,0.176,-11.856,-22.251
23.0,23,31,-30.275,-39.404,-54.849,-67.711,-33.454,-38.065,-40.624,-41.900,3.179,-1.339,-14.224,-25.811
24.0,24,32,-31.042,-38.852,-56.516,-69.760,-33.889,-38.278,-41.227,-42.334,2.847,-0.574,-15.289,-27.426
25.0,25,33,-28.192,-38.444,-53.585,-64.249,-31.837,-36.257,-39.361,-40.236,3.645,-2.187,-14.224,-24.013
26.0,26,34,-26.614,-34.152,-48.391,-56.832,-28.931,-32.661,-35.641,-37.387,2.316,-1.492,-12.750,-19.445
27.0,27,35,-25.736,-34.250,-47.302,-56.736,-29.138,-33.335,-35.431,-37.636,3.402,-0.915,-11.871,-19.099
28.0,28,36,-27.643,-33.982,-44.646,-54.574,-27.695,-33.047,-35.187,-36.212,0.052,-0.934,-9.459,-18.361
29.0,29,37,-26.415,-34.930,-44.869,-54.812,-29.067,-33.377,-35.586,-37.560,2.651,-1.552,-9.283,-17.252
30.0,30,38,-23.944,-33.431,-48.355,-56.398,-28.574,-32.312,-35.304,-37.026,4.629,-1.119,-13.050,-19.372
31.0,31,39,-26.459,-35.088,-49.986,-57.927,-31.714,-35.776,-38.685,-40.138,5.255,0.688,-11.301,-17.788
32.0,32,40,-29.771,-40.000,-53.772,-64.596,-33.300,-38.572,-40.534,-41.698,3.529,-1.428,-13.238,-22.898
33.0,33,41,-30.659,-39.328,-53.914,-65.949,-33.598,-37.836,-40.185,-42.150,2.939,-1.492,-13.729,-23.798
34.0,34,42,-35.196,-42.294,-56.913,-69.628,-36.970,-41.113,-43.852,-45.431,1.774,-1.181,-13.060,-24.197
35.0,35,43,-35.052,-42.642,-61.450,-73.510,-37.135,-41.546,-45.120,-45.502,2.083,-1.096,-16.329,-28.008
36.0,36,44,-34.638,-42.774,-60.318,-75.149,-37.612,-41.395,-44.894,-46.042,2.975,-1.379,-15.424,-29.107
37.0,37,45,-30.999,-41.249,-58.628,-72.878,-36.342,-40.515,-43.120,-44.821,5.343,-0.734,-15.508,-28.058
38.0,38,46,-33.206,-43.877,-61.812,-76.706,-38.605,-43.076,-45.827,-47.062,5.399,-0.801,-15.985,-29.644
39.0,39,47,-39.544,-49.876,-73.589,-86.379,-47.195,-49.999,-54.089,-55.653,7.651,0.123,-19.500,-30.726
40.0,40,48,-43.801,-54.345,-75.270,-88.294,-48.233,-53.709,-54.855,-56.707,4.432,-0.636,-20.415,-31.587
41.0,41,49,-47.085,-58.534,-80.243,-88.603,-53.187,-59.350,-59.846,-61.673,6.103,0.816,-20.398,-26.929
42.0,42,50,-63.054,-76.137,-87.397,-89.182,-71.533,-67.985,-78.356,-79.822,8.479,-8.152,-9.041,-9.360
43.0,43,51,-34.215,-39.888,-43.012,-51.200,-31.359,-36.872,-35.736,-40.692,-2.856,-3.016,-7.275,-10.509
44.0,44,52,-27.224,-35.146,-41.618,-49.352,-27.754,-31.476,-33.748,-36.258,0.530,-3.670,-7.870,-13.095
45.0,45,53,-27.026,-32.220,-37.058,-47.921,-29.483,-32.295,-35.673,-38.143,2.456,0.075,-1.385,-9.778
46.0,46,54,-36.675,-44.096,-51.316,-59.984,-39.382,-43.774,-46.892,-47.819,2.708,-0.323,-4.424,-12.165
47.0,47,55,-46.422,-52.847,-64.980,-76.003,-51.374,-55.516,-58.978,-59.777,4.952,2.669,-6.001,-16.226
48.0,48,56,-38.614,-45.118,-50.664,-62.007,-37.696,-43.538,-44.243,-46.428,-0.918,-1.579,-6.422,-15.579
49.0,49,57,-33.017,-41.267,-48.227,-61.492,-35.442,-39.257,-41.826,-44.143,2.425,-2.009,-6.400,-17.348
50.0,50,58,-33.940,-42.494,-50.356,-63.235,-37.913,-41.538,-43.209,-46.614,3.973,-0.957,-7.147,-16.621
51.0,51,59,-41.305,-49.767,-64.307,-76.892,-45.319,-49.410,-51.968,-53.778,4.014,-0.357,-12.338,-23.114
52.0,52,60,-50.081,-56.919,-74.304,-86.843,-56.900,-59.422,-63.564,-65.348,6.819,2.502,-10.740,-21.495
53.0,53,61,-41.800,-49.532,-56.522,-74.416,-35.931,-43.105,-45.751,-44.230,-5.868,-6.427,-10.772,-30.185
54.0,54,62,-31.639,-37.384,-46.115,-60.333,-31.533,-36.550,-40.002,-39.952,-0.106,-0.835,-6.113,-20.381
55.0,55,63,-26.443,-34.902,-47.585,-57.965,-27.712,-32.185,-33.783,-36.229,1.269,-2.716,-13.802,-21.736
56.0,56,64,-19.714,-27.857,-41.862,-49.994,-21.035,-26.219,-28.421,-29.428,1.320,-1.638,-13.441,-20.567
57.0,57,65,-18.772,-26.852,-40.872,-48.582,-22.809,-26.887,-28.630,-31.279,4.037,0.035,-12.241,-17.302
58.0,58,66,-21.581,-30.835,-41.972,-49.977,-24.673,-29.852,-31.922,-33.091,3.091,-0.983,-10.050,-16.886
59.0,59,67,-22.155,-28.721,-42.538,-50.656,-24.565,-28.824,-33.382,-32.866,2.410,0.102,-9.155,-17.790
60.0,60,68,-27.920,-36.499,-51.020,-60.606,-34.604,-38.192,-42.406,-42.950,6.684,1.693,-8.613,-17.655
61.0,61,69,-21.516,-32.114,-46.222,-52.858,-25.392,-29.814,-32.056,-33.865,3.876,-2.301,-14.166,-18.992
62.0,62,70,-21.018,-29.874,-42.351,-49.474,-24.485,-28.791,-30.873,-32.951,3.467,-1.083,-11.478,-16.523
63.0,63,71,-29.655,-35.798,-51.195,-57.437,-35.730,-38.810,-42.457,-44.167,6.075,3.013,-8.738,-13.269
64.0,64,72,-25.122,-35.296,-48.780,-58.629,-28.711,-32.898,-35.851,-37.143,3.589,-2.398,-12.929,-21.486
65.0,65,73,-27.376,-35.133,-51.492,-59.395,-33.090,-36.301,-40.180,-41.576,5.715,1.168,-11.312,-17.820
66.0,66,74,-37.513,-47.587,-64.131,-74.303,-31.002,-36.335,-37.730,-39.510,-6.511,-11.252,-26.401,-34.792
67.0,67,75,-20.977,-31.467,-44.608,-51.863,-25.830,-30.171,-32.405,-34.287,4.853,-1.296,-12.203,-17.576
68.0,68,76,-25.317,-32.938,-46.604,-53.553,-30.580,-33.084,-36.919,-39.036,5.262,0.146,-9.685,-14.518
69.0,69,77,-34.440,-42.522,-58.469,-65.327,-42.327,-45.995,-49.525,-50.825,7.887,3.473,-8.944,-14.502
70.0,70,78,-31.531,-42.222,-57.590,-71.020,-35.515,-40.230,-42.604,-43.954,3.985,-1.992,-14.986,-27.067
71.0,71,79,-32.725,-41.415,-59.520,-71.811,-38.030,-41.174,-45.117,-46.492,5.306,-0.240,-14.403,-25.319
72.0,72,80,-36.279,-47.126,-66.961,-78.871,-42.240,-47.184,-48.919,-50.768,5.961,0.057,-18.043,-28.103
73.0,73,81,-50.592,-59.204,-76.902,-86.689,-59.733,-61.641,-66.942,-68.182,9.141,2.437,-9.960,-18.507
74.0,74,82,-64.483,-79.126,-87.625,-89.213,-71.847,-69.440,-78.693,-80.123,7.365,-9.686,-8.932,-9.090
75.0,75,83,-45.395,-56.350,-74.563,-87.285,-48.513,-54.460,-55.141,-56.982,3.118,-1.889,-19.422,-30.303
76.0,76,84,-41.172,-51.614,-74.997,-86.478,-43.335,-47.274,-50.271,-51.812,2.163,-4.340,-24.725,-34.666
77.0,77,85,-37.376,-47.136,-67.597,-83.764,-42.571,-46.180,-49.673,-51.032,5.195,-0.955,-17.924,-32.732
78.0,78,86,-31.346,-40.399,-60.448,-71.793,-33.197,-38.097,-40.180,-41.586,1.851,-2.303,-20.268,-30.207
79.0,79,87,-27.516,-37.558,-54.550,-63.799,-31.632,-38.313,-38.677,-40.017,4.115,0.755,-15.874,-23.782
80.0,80,88,-33.882,-42.369,-63.198,-71.733,-38.407,-42.797,-44.933,-46.846,4.525,0.428,-18.265,-24.887
81.0,81,89,-35.868,-44.499,-65.364,-76.064,-38.248,-42.942,-44.917,-46.694,2.379,-1.557,-20.446,-29.371
82.0,82,90,-30.202,-40.734,-59.638,-71.144,-34.214,-40.163,-41.172,-42.611,4.012,-0.571,-18.466,-28.532
83.0,83,91,-32.732,-42.588,-62.271,-73.951,-36.620,-41.931,-43.424,-45.028,3.888,-0.658,-18.847,-28.923
84.0,84,92,-35.121,-43.489,-65.980,-77.467,-41.623,-44.481,-48.219,-50.071,6.503,0.992,-17.761,-27.396
85.0,85,93,-32.331,-39.738,-58.541,-66.939,-34.738,-37.349,-41.704,-43.135,2.407,-2.389,-16.837,-23.804
86.0,86,94,-25.878,-34.229,-50.083,-58.152,-27.650,-34.676,-35.555,-35.959,1.772,0.447,-14.528,-22.194
87.0,87,95,-30.266,-38.384,-55.570,-67.185,-34.996,-39.739,-42.377,-43.358,4.730,1.354,-13.193,-23.828
88.0,88,96,-34.550,-43.356,-62.317,-74.287,-36.955,-41.769,-44.306,-45.336,2.404,-1.587,-18.011,-28.951
89.0,89,97,-31.404,-39.352,-53.664,-65.394,-32.996,-39.058,-42.096,-41.334,1.593,-0.294,-11.568,-24.061
90.0,90,98,-32.960,-41.097,-56.423,-69.273,-36.133,-40.361,-43.629,-44.598,3.174,-0.736,-12.794,-24.675
91.0,91,99,-42.030,-48.092,-65.996,-79.824,-45.315,-49.386,-52.345,-53.735,3.284,1.293,-13.651,-26.089
92.0,92,100,-50.529,-57.791,-74.700,-86.637,-55.571,-60.577,-63.694,-63.991,5.042,2.786,-11.006,-22.646
93.0,93,101,-62.347,-75.888,-86.580,-88.990,-70.672,-68.495,-77.565,-78.897,8.325,-7.393,-9.015,-10.093
94.0,94,102,-57.504,-66.775,-86.022,-88.820,-49.789,-53.252,-56.612,-58.201,-7.715,-13.523,-29.411,-30.619
95.0,95,103,-45.175,-50.375,-60.763,-78.021,-41.168,-46.193,-48.978,-49.525,-4.007,-4.181,-11.785,-28.496
96.0,96,104,-34.387,-41.253,-56.727,-69.790,-33.797,-39.104,-42.136,-42.148,-0.589,-2.149,-14.591,-27.642
97.0,97,105,-33.209,-39.682,-54.436,-68.339,-34.089,-38.688,-41.494,-42.545,0.880,-0.994,-12.942,-25.794
98.0,98,106,-31.770,-38.582,-50.391,-64.872,-32.914,-37.592,-40.944,-41.307,1.145,-0.990,-9.447,-23.565
99.0,99,107,-32.754,-41.052,-55.014,-68.756,-35.304,-40.114,-42.365,-43.695,2.549,-0.938,-12.648,-25.061
100.0,100,108,-33.139,-40.435,-48.459,-61.815,-36.150,-39.231,-40.921,-44.813,3.012,-1.203,-7.539,-17.002
101.0,101,109,-34.013,-42.917,-58.336,-71.209,-36.757,-41.646,-43.120,-45.203,2.744,-1.271,-15.217,-26.006
102.0,102,110,-35.347,-43.535,-55.339,-71.813,-36.774,-42.616,-44.150,-45.236,1.427,-0.919,-11.189,-26.577
103.0,103,111,-30.675,-40.540,-58.399,-72.733,-34.130,-39.364,-41.100,-42.577,3.455,-1.176,-17.300,-30.156
104.0,104,112,-31.045,-41.286,-59.824,-72.957,-35.377,-40.425,-41.974,-43.825,4.332,-0.861,-17.850,-29.132
105.0,105,113,-34.290,-40.995,-54.305,-68.153,-35.552,-40.004,-42.050,-44.017,1.262,-0.991,-12.256,-24.136
106.0,106,114,-33.388,-39.241,-52.964,-62.447,-33.325,-36.177,-39.859,-41.756,-0.064,-3.064,-13.105,-20.691
107.0,107,115,-29.430,-36.509,-47.410,-57.595,-30.161,-34.525,-35.609,-38.762,0.731,-1.984,-11.800,-18.833
108.0,108,116,-25.792,-33.903,-46.258,-55.640,-28.787,-33.171,-35.235,-37.237,2.995,-0.732,-11.023,-18.403
109.0,109,117,-27.138,-35.591,-48.020,-57.634,-31.757,-35.420,-35.754,-40.281,4.619,-0.171,-12.267,-17.354
110.0,110,118,-33.494,-41.142,-47.071,-58.163,-35.749,-40.020,-40.743,-44.329,2.254,-1.122,-6.329,-13.834
111.0,111,119,-30.462,-38.834,-49.545,-62.065,-32.314,-37.147,-38.531,-40.839,1.851,-1.687,-11.014,-21.225
112.0,112,120,-30.880,-37.632,-49.573,-62.097,-33.101,-36.656,-39.711,-41.549,2.221,-0.976,-9.862,-20.548
113.0,113,121,-30.138,-37.374,-51.009,-59.603,-32.223,-36.527,-38.290,-40.649,2.085,-0.847,-12.719,-18.954
114.0,114,122,-25.394,-35.540,-51.136,-60.000,-28.504,-33.745,-35.681,-36.961,3.110,-1.794,-15.456,-23.039
115.0,115,123,-23.512,-32.165,-45.059,-55.316,-27.208,-30.850,-32.318,-35.767,3.696,-1.315,-12.741,-19.549
116.0,116,124,-25.676,-32.718,-44.394,-53.568,-27.841,-31.738,-34.493,-36.246,2.165,-0.980,-9.902,-17.323
117.0,117,125,-19.650,-28.743,-38.914,-50.144,-23.065,-27.880,-29.683,-31.527,3.415,-0.863,-9.231,-18.618
118.0,118,126,-21.878,-31.787,-45.016,-52.421,-24.852,-30.435,-31.660,-33.344,2.975,-1.352,-13.355,-19.077
119.0,119,127,-21.208,-31.419,-45.467,-54.426,-25.190,-30.568,-32.298,-33.665,3.983,-0.851,-13.169,-20.761
120.0,120,128,-23.126,-32.180,-46.357,-55.937,-27.840,-31.715,-33.756,-36.315,4.714,-0.466,-12.600,-19.623
121.0,121,129,-25.156,-31.469,-44.300,-54.129,-28.169,-31.411,-35.275,-36.580,3.013,-0.058,-9.025,-17.549
122.0,122,130,-26.073,-33.729,-48.701,-57.691,-30.284,-33.207,-36.932,-38.760,4.211,-0.523,-11.769,-18.931
123.0,123,131,-26.377,-33.873,-45.826,-57.125,-28.124,-32.635,-34.987,-36.534,1.747,-1.239,-10.839,-20.591
124.0,124,132,-26.140,-33.312,-43.822,-55.945,-28.232,-32.337,-34.577,-36.720,2.093,-0.975,-9.245,-19.225
125.0,125,133,-25.357,-34.677,-45.591,-57.709,-28.886,-33.688,-34.885,-37.423,3.530,-0.989,-10.706,-20.286
126.0,126,134,-27.849,-37.452,-48.554,-60.171,-32.218,-37.203,-39.493,-40.609,4.370,-0.249,-9.061,-19.562
127.0,127,135,-31.239,-40.362,-49.756,-61.132,-35.680,-40.175,-43.439,-44.046,4.441,-0.186,-6.317,-17.086
128.0,128,136,-33.306,-42.645,-54.600,-63.629,-36.349,-41.580,-43.330,-44.901,3.043,-1.064,-11.270,-18.727
129.0,129,137,-37.083,-45.410,-57.712,-65.948,-40.305,-44.570,-46.687,-48.752,3.222,-0.841,-11.025,-17.195
130.0,130,138,-32.016,-40.818,-59.581,-70.435,-34.529,-39.232,-41.082,-42.985,2.512,-1.587,-18.499,-27.450
131.0,131,139,-30.361,-40.459,-57.649,-68.812,-34.874,-39.381,-41.664,-43.381,4.513,-1.078,-15.985,-25.430
132.0,132,140,-31.489,-41.589,-58.077,-70.666,-37.091,-41.492,-43.829,-45.567,5.603,-0.097,-14.248,-25.099
133.0,133,141,-37.092,-47.320,-64.974,-76.450,-43.622,-47.322,-50.383,-52.086,6.530,0.001,-14.591,-24.364
134.0,134,142,-43.265,-53.060,-76.080,-87.624,-49.546,-51.743,-56.314,-58.017,6.282,-1.317,-19.766,-29.607
135.0,135,143,-48.642,-58.807,-83.123,-88.573,-57.690,-59.080,-64.562,-66.134,9.049,0.273,-18.561,-22.440
136.0,136,144,-59.342,-71.267,-86.264,-88.902,-68.572,-66.854,-75.440,-76.863,9.230,-4.413,-10.824,-12.038
137.0,137,145,-62.521,-78.534,-87.785,-89.293,-42.005,-47.991,-49.284,-51.407,-20.516,-30.543,-38.501,-37.886
138.0,138,146,-33.309,-40.140,-43.899,-57.369,-33.468,-37.979,-39.709,-42.172,0.158,-2.161,-4.189,-15.197
139.0,139,147,-30.141,-37.709,-49.173,-62.812,-32.709,-37.284,-40.865,-41.067,2.568,-0.425,-8.308,-21.744
140.0,140,148,-37.633,-42.820,-56.539,-70.539,-40.172,-45.087,-48.249,-48.531,2.539,2.267,-8.290,-22.008
141.0,141,149,-41.179,-48.634,-61.120,-77.921,-47.120,-51.418,-53.346,-55.544,5.941,2.784,-7.774,-22.377
142.0,142,150,-25.711,-31.236,-34.912,-44.052,-25.014,-29.298,-31.837,-33.379,-0.698,-1.939,-3.075,-10.673
143.0,143,151,-26.627,-32.657,-38.194,-43.860,-25.621,-30.280,-33.868,-34.030,-1.006,-2.377,-4.326,-9.830
144.0,144,152,-25.314,-30.421,-37.058,-42.242,-26.146,-30.542,-34.845,-34.504,0.832,0.122,-2.213,-7.739
145.0,145,153,-34.961,-40.749,-48.902,-56.408,-37.042,-42.022,-43.798,-45.447,2.081,1.273,-5.103,-10.961
146.0,146,154,-43.542,-49.441,-59.172,-67.270,-46.834,-52.317,-53.191,-55.247,3.291,2.876,-5.982,-12.023
147.0,147,155,-34.288,-39.808,-46.379,-56.934,-32.789,-36.602,-38.365,-41.477,-1.499,-3.207,-8.013,-15.458
148.0,148,156,-27.959,-34.294,-39.450,-49.257,-26.725,-31.773,-32.783,-35.571,-1.234,-2.521,-6.668,-13.686
149.0,149,157,-23.337,-29.595,-35.301,-47.235,-23.144,-27.169,-27.941,-31.900,-0.193,-2.426,-7.361,-15.336
150.0,150,158,-19.653,-27.062,-34.416,-46.194,-21.030,-26.559,-28.148,-29.478,1.376,-0.503,-6.269,-16.716
151.0,151,159,-20.952,-28.516,-39.028,-47.401,-22.109,-27.899,-30.240,-30.532,1.157,-0.617,-8.788,-16.869
152.0,152,160,-19.964,-28.170,-41.522,-49.063,-23.458,-28.213,-29.164,-31.869,3.494,0.044,-12.357,-17.194
153.0,153,161,-26.368,-33.498,-46.437,-57.077,-30.082,-34.233,-34.548,-38.646,3.713,0.735,-11.889,-18.432
154.0,154,162,-23.673,-31.384,-45.718,-53.180,-26.568,-30.383,-33.869,-34.931,2.896,-1.001,-11.849,-18.249
155.0,155,163,-21.609,-28.773,-44.303,-50.755,-24.443,-28.577,-32.140,-32.837,2.834,-0.196,-12.163,-17.917
156.0,156,164,-31.534,-37.354,-53.391,-61.894,-32.744,-37.143,-39.729,-41.191,1.210,-0.212,-13.662,-20.703
157.0,157,165,-22.697,-31.674,-46.398,-52.850,-24.839,-30.178,-31.817,-33.249,2.142,-1.496,-14.580,-19.600
158.0,158,166,-25.002,-32.852,-48.323,-56.235,-30.435,-34.941,-37.708,-38.826,5.432,2.090,-10.615,-17.409
159.0,159,167,-38.067,-46.045,-62.218,-71.247,-50.227,-55.306,-57.671,-58.556,12.161,9.262,-4.547,-12.691
160.0,160,168,-34.721,-43.976,-66.215,-79.470,-37.811,-41.727,-44.367,-46.260,3.090,-2.249,-21.847,-33.210
161.0,161,169,-31.216,-41.256,-59.446,-70.493,-33.916,-40.252,-41.472,-42.300,2.700,-1.004,-17.974,-28.192
162.0,162,170,-32.516,-42.454,-63.079,-75.953,-38.511,-44.403,-45.453,-46.923,5.996,1.949,-17.626,-29.030
163.0,163,171,-53.727,-63.511,-81.145,-87.449,-45.874,-50.299,-52.463,-54.400,-7.853,-13.212,-28.682,-33.049
164.0,164,172,-35.152,-45.723,-67.594,-82.707,-39.312,-43.482,-46.090,-47.776,4.160,-2.241,-21.504,-34.931
165.0,165,173,-35.712,-44.703,-66.999,-82.124,-42.078,-46.232,-48.672,-50.508,6.366,1.529,-18.327,-31.616
166.0,166,174,-45.752,-51.963,-76.816,-87.033,-55.912,-54.776,-62.196,-64.375,10.160,2.813,-14.620,-22.658
167.0,167,175,-59.801,-70.183,-86.931,-89.157,-69.457,-68.367,-76.253,-77.740,9.657,-1.817,-10.678,-11.417
168.0,168,176,-63.239,-78.817,-87.778,-89.242,-70.718,-68.064,-77.553,-78.927,7.479,-10.753,-10.226,-10.315
169.0,169,177,-37.846,-51.411,-72.465,-86.592,-42.999,-48.448,-50.148,-51.489,5.153,-2.963,-22.317,-35.103
170.0,170,178,-37.271,-48.737,-68.501,-84.750,-41.315,-46.024,-48.583,-49.779,4.044,-2.713,-19.918,-34.970
171.0,171,179,-34.693,-46.165,-67.264,-84.091,-38.674,-43.827,-45.697,-47.111,3.981,-2.338,-21.568,-36.980
172.0,172,180,-31.964,-41.326,-58.732,-74.318,-34.015,-39.468,-41.613,-42.463,2.051,-1.858,-17.119,-31.855
173.0,173,181,-29.636,-38.464,-54.608,-67.446,-32.538,-37.746,-39.620,-41.024,2.903,-0.718,-14.989,-26.422
174.0,174,182,-29.135,-39.146,-56.680,-70.648,-33.575,-38.250,-41.521,-41.972,4.439,-0.895,-15.159,-28.676
175.0,175,183,-31.931,-39.104,-56.700,-69.446,-33.737,-38.301,-42.185,-42.121,1.806,-0.803,-14.515,-27.325
176.0,176,184,-29.546,-37.516,-51.176,-62.668,-31.585,-35.952,-38.653,-40.118,2.038,-1.564,-12.523,-22.550
177.0,177,185,-28.243,-38.004,-52.664,-65.854,-32.488,-37.757,-40.206,-40.896,4.245,-0.247,-12.457,-24.958
178.0,178,186,-29.387,-38.960,-55.840,-68.891,-33.294,-37.903,-40.566,-41.717,3.907,-1.057,-15.274,-27.174
179.0,179,187,-28.168,-37.393,-52.778,-63.126,-29.895,-34.586,-37.184,-38.364,1.728,-2.807,-15.595,-24.762
180.0,180,188,-26.640,-34.802,-49.794,-58.930,-30.059,-33.737,-36.420,-38.515,3.420,-1.064,-13.374,-20.415
181.0,181,189,-26.104,-35.476,-50.331,-60.485,-28.758,-32.634,-36.065,-37.146,2.654,-2.842,-14.266,-23.338
182.0,182,190,-25.478,-34.046,-48.085,-57.129,-28.245,-32.091,-32.962,-36.902,2.767,-1.955,-15.124,-20.226
183.0,183,191,-26.142,-33.227,-44.897,-56.433,-29.113,-33.080,-33.884,-37.686,2.972,-0.147,-11.013,-18.747
184.0,184,192,-26.606,-36.005,-49.366,-58.750,-30.606,-35.642,-37.007,-39.021,4.000,-0.362,-12.358,-19.729
185.0,185,193,-29.530,-38.262,-52.885,-61.284,-33.535,-37.554,-40.036,-42.041,4.005,-0.708,-12.849,-19.243
186.0,186,194,-30.637,-38.738,-53.838,-65.205,-34.256,-37.547,-39.873,-42.736,3.619,-1.191,-13.965,-22.469
187.0,187,195,-32.113,-40.854,-55.776,-67.995,-35.611,-39.530,-41.909,-44.071,3.498,-1.324,-13.867,-23.924
188.0,188,196,-31.948,-41.585,-58.518,-70.193,-36.804,-40.625,-43.549,-45.275,4.856,-0.961,-14.970,-24.918
189.0,189,197,-33.031,-42.839,-59.783,-74.044,-36.651,-41.635,-43.505,-45.132,3.620,-1.204,-16.278,-28.912
190.0,190,198,-30.979,-41.196,-59.638,-76.104,-35.147,-40.196,-43.212,-43.544,4.168,-0.999,-16.426,-32.559
191.0,191,199,-32.350,-41.305,-57.541,-66.320,-34.435,-40.606,-41.936,-42.779,2.086,-0.699,-15.605,-23.541
192.0,192,200,-29.609,-38.897,-54.334,-63.515,-32.766,-38.045,-40.197,-41.133,3.157,-0.852,-14.137,-22.382
193.0,193,201,-28.124,-37.538,-54.123,-63.517,-31.255,-35.108,-38.223,-39.733,3.131,-2.429,-15.899,-23.785
194.0,194,202,-25.995,-34.450,-49.835,-58.524,-28.782,-34.112,-37.165,-37.128,2.787,-0.337,-12.669,-21.396
195.0,195,203,-27.447,-35.707,-49.085,-58.686,-29.306,-34.846,-36.693,-37.676,1.859,-0.861,-12.392,-21.009
196.0,196,204,-23.177,-31.817,-48.442,-56.047,-27.440,-30.846,-34.351,-35.913,4.263,-0.971,-14.091,-20.134
197.0,197,205,-23.580,-31.967,-44.950,-52.349,-26.395,-31.336,-34.685,-34.766,2.815,-0.632,-10.265,-17.582
198.0,198,206,-25.486,-33.052,-43.742,-52.640,-27.252,-32.366,-35.192,-35.704,1.766,-0.686,-8.550,-16.936
199.0,199,207,-21.508,-31.683,-45.108,-52.992,-24.933,-30.484,-32.210,-33.407,3.425,-1.199,-12.898,-19.585
200.0,200,208,-23.436,-31.548,-42.863,-50.234,-26.679,-30.193,-32.139,-35.154,3.243,-1.355,-10.724,-15.080
201.0,201,209,-24.133,-32.511,-45.369,-54.315,-25.557,-30.762,-33.954,-33.921,1.424,-1.749,-11.416,-20.394
202.0,202,210,-20.847,-30.654,-44.396,-52.837,-24.818,-30.192,-32.235,-33.282,3.971,-0.461,-12.161,-19.555
203.0,203,211,-25.603,-35.616,-48.062,-56.543,-30.628,-35.595,-37.415,-39.086,5.025,-0.021,-10.647,-17.457
204.0,204,212,-36.210,-43.037,-56.658,-68.905,-39.231,-41.321,-42.724,-47.742,3.021,-1.716,-13.934,-21.163
205.0,205,213,-31.004,-39.912,-59.414,-70.251,-34.461,-37.992,-41.075,-42.904,3.457,-1.920,-18.339,-27.347
206.0,206,214,-28.318,-37.476,-55.644,-63.698,-31.224,-36.454,-37.791,-39.667,2.907,-1.021,-17.853,-24.031
207.0,207,215,-27.564,-36.852,-55.633,-64.467,-33.598,-37.494,-40.497,-42.015,6.034,0.642,-15.136,-22.451
208.0,208,216,-28.761,-37.397,-54.679,-62.962,-31.517,-35.806,-37.980,-39.978,2.756,-1.592,-16.699,-22.984
209.0,209,217,-23.303,-32.970,-50.164,-57.059,-27.139,-32.238,-34.070,-35.558,3.836,-0.733,-16.094,-21.501
210.0,210,218,-26.260,-34.019,-51.518,-59.865,-30.526,-33.773,-37.286,-38.972,4.266,-0.247,-14.232,-20.893
211.0,211,219,-24.715,-33.428,-49.319,-56.244,-27.235,-32.238,-33.771,-35.696,2.520,-1.189,-15.548,-20.548
212.0,212,220,-22.489,-31.666,-48.785,-56.216,-27.727,-31.850,-34.525,-36.155,5.237,0.184,-14.260,-20.061
213.0,213,221,-25.210,-33.231,-49.895,-57.169,-29.586,-33.612,-37.287,-37.969,4.377,0.381,-12.608,-19.200
214.0,214,222,-32.308,-40.513,-58.234,-69.329,-37.093,-41.083,-44.560,-45.534,4.785,0.569,-13.674,-23.795
215.0,215,223,-36.234,-44.355,-61.731,-75.731,-40.207,-43.850,-48.137,-48.591,3.973,-0.505,-13.594,-27.139
216.0,216,224,-30.497,-39.929,-55.696,-66.282,-34.454,-38.225,-41.756,-42.870,3.957,-1.704,-13.940,-23.412
217.0,217,225,-28.446,-37.743,-52.472,-60.478,-33.139,-34.678,-39.396,-41.657,4.693,-3.065,-13.076,-18.821
218.0,218,226,-28.838,-36.009,-50.276,-57.810,-32.838,-36.983,-39.491,-41.287,4.000,0.974,-10.784,-16.524
219.0,219,227,-28.510,-37.385,-52.443,-62.307,-33.214,-36.676,-40.335,-41.628,4.704,-0.709,-12.108,-20.679
220.0,220,228,-27.607,-35.631,-51.559,-57.912,-31.726,-33.316,-38.184,-40.258,4.120,-2.316,-13.375,-17.653
221.0,221,229,-26.502,-34.012,-49.269,-56.059,-29.651,-33.530,-35.883,-38.098,3.149,-0.482,-13.386,-17.961
222.0,222,230,-25.186,-34.081,-48.689,-56.915,-28.941,-32.777,-36.308,-37.379,3.756,-1.304,-12.382,-19.536
223.0,223,231,-24.593,-31.596,-45.275,-51.570,-28.195,-30.629,-34.366,-36.700,3.602,-0.967,-10.909,-14.870
224.0,224,232,-23.119,-31.350,-46.165,-52.782,-25.549,-29.848,-32.382,-34.013,2.430,-1.503,-13.783,-18.769
225.0,225,233,-19.784,-30.167,-44.530,-51.380,-24.613,-29.375,-31.144,-33.050,4.829,-0.792,-13.386,-18.329
226.0,226,234,-21.879,-31.898,-45.025,-51.896,-24.717,-31.362,-32.026,-33.105,2.837,-0.535,-12.999,-18.791
227.0,227,235,-21.877,-32.081,-46.886,-55.491,-25.720,-30.840,-32.277,-34.163,3.843,-1.241,-14.609,-21.328
228.0,228,236,-22.672,-30.456,-46.278,-52.884,-27.345,-30.857,-33.627,-35.796,4.673,0.401,-12.651,-17.088
229.0,229,237,-25.111,-33.557,-46.949,-55.539,-28.340,-32.171,-34.932,-36.825,3.229,-1.386,-12.017,-18.714
230.0,230,238,-23.525,-31.254,-44.683,-51.975,-25.230,-30.745,-34.050,-33.586,1.705,-0.509,-10.633,-18.389
231.0,231,239,-24.944,-31.894,-45.607,-52.308,-25.326,-31.311,-34.430,-33.673,0.383,-0.583,-11.177,-18.635
232.0,232,240,-23.525,-33.234,-49.324,-56.417,-28.296,-32.535,-35.102,-36.742,4.771,-0.700,-14.222,-19.675
233.0,233,241,-28.471,-36.923,-52.352,-62.348,-33.638,-37.289,-40.949,-42.067,5.167,0.365,-11.403,-20.282
234.0,234,242,-31.707,-39.353,-56.145,-64.131,-36.568,-38.783,-43.431,-45.016,4.861,-0.569,-12.714,-19.115
235.0,235,243,-29.373,-39.630,-56.140,-66.425,-34.644,-38.633,-41.782,-43.084,5.271,-0.998,-14.357,-23.341
236.0,236,244,-31.169,-41.310,-59.823,-73.014,-37.753,-41.184,-44.480,-46.220,6.584,-0.126,-15.343,-26.793
237.0,237,245,-33.956,-43.857,-58.215,-72.595,-36.692,-42.147,-44.501,-45.076,2.736,-1.710,-13.714,-27.519
238.0,238,246,-33.346,-42.528,-61.048,-73.979,-36.889,-40.495,-43.944,-45.347,3.543,-2.033,-17.104,-28.632
239.0,239,247,-28.548,-38.835,-55.899,-69.429,-31.923,-37.058,-39.688,-40.333,3.375,-1.777,-16.210,-29.097
240.0,240,248,-27.771,-36.983,-52.560,-65.421,-31.112,-35.927,-39.072,-39.497,3.341,-1.056,-13.488,-25.924
241.0,241,249,-30.406,-37.211,-52.226,-64.783,-32.974,-37.229,-39.599,-41.384,2.568,0.019,-12.626,-23.400
242.0,242,250,-34.092,-41.104,-54.230,-67.914,-33.951,-39.048,-40.711,-42.407,-0.141,-2.056,-13.520,-25.508
243.0,243,251,-26.998,-37.425,-55.406,-64.218,-31.990,-38.344,-38.986,-40.399,4.991,0.918,-16.420,-23.818
244.0,244,252,-22.961,-34.111,-51.528,-59.279,-26.979,-32.889,-33.881,-35.414,4.018,-1.222,-17.647,-23.865
245.0,245,253,-25.810,-34.967,-51.722,-60.219,-31.309,-35.542,-38.580,-39.699,5.499,0.575,-13.142,-20.520
246.0,246,254,-28.004,-37.799,-54.648,-63.829,-30.687,-36.406,-37.579,-39.124,2.683,-1.393,-17.069,-24.705
247.0,247,255,-27.365,-37.476,-56.131,-67.416,-32.674,-38.055,-39.495,-41.083,5.310,0.579,-16.636,-26.334
248.0,248,256,-32.873,-41.165,-57.682,-66.178,-36.759,-40.946,-43.365,-45.200,3.886,-0.219,-14.317,-20.978
249.0,249,257,-32.705,-40.434,-52.548,-64.605,-34.747,-39.311,-42.392,-43.271,2.042,-1.123,-10.156,-21.334
250.0,250,258,-33.462,-41.353,-51.707,-64.363,-35.480,-41.042,-42.993,-43.920,2.018,-0.310,-8.714,-20.443
251.0,251,259,-36.349,-41.690,-55.415,-68.339,-37.415,-41.113,-44.377,-45.816,1.065,-0.578,-11.037,-22.523
252.0,252,260,-36.173,-43.857,-59.137,-74.344,-36.548,-41.429,-43.445,-44.995,0.376,-2.429,-15.692,-29.349
253.0,253,261,-26.484,-36.917,-55.429,-65.555,-30.617,-36.573,-37.610,-39.025,4.133,-0.345,-17.819,-26.530
254.0,254,262,-24.827,-35.148,-50.982,-60.887,-28.293,-33.841,-35.049,-36.732,3.465,-1.307,-15.933,-24.155
255.0,255,263,-24.154,-33.576,-49.642,-58.144,-29.339,-33.308,-36.671,-37.713,5.185,-0.268,-12.971,-20.431
256.0,256,264,-25.617,-34.251,-51.295,-59.981,-29.954,-34.497,-37.001,-38.397,4.336,0.246,-14.294,-21.583
257.0,257,265,-31.230,-40.574,-56.848,-68.288,-37.630,-41.498,-45.335,-46.084,6.400,0.924,-11.512,-22.204
258.0,258,266,-32.321,-41.075,-58.665,-68.338,-34.972,-39.262,-40.878,-43.420,2.651,-1.813,-17.786,-24.919
259.0,259,267,-32.960,-41.349,-59.756,-71.979,-36.233,-39.749,-43.357,-44.663,3.272,-1.600,-16.400,-27.316
260.0,260,268,-31.170,-39.939,-50.834,-65.114,-34.646,-38.910,-41.252,-43.054,3.476,-1.029,-9.582,-22.060
261.0,261,269,-33.423,-39.867,-52.067,-68.501,-36.777,-39.554,-43.195,-45.214,3.354,-0.313,-8.872,-23.286
262.0,262,270,-33.670,-40.687,-57.605,-71.996,-36.447,-39.815,-43.346,-44.825,2.777,-0.872,-14.260,-27.171
263.0,263,271,-33.547,-38.736,-49.744,-62.666,-34.341,-37.106,-41.406,-42.807,0.794,-1.630,-8.338,-19.858
264.0,264,272,-26.516,-35.035,-46.540,-59.078,-29.995,-34.107,-37.197,-38.473,3.479,-0.928,-9.342,-20.605
265.0,265,273,-25.415,-34.062,-45.181,-56.449,-27.878,-32.091,-35.026,-36.306,2.463,-1.971,-10.155,-20.143
266.0,266,274,-23.934,-33.679,-47.007,-58.072,-27.544,-32.252,-34.578,-36.043,3.610,-1.427,-12.430,-22.029
267.0,267,275,-23.571,-33.529,-46.979,-56.473,-27.090,-32.137,-34.946,-35.490,3.519,-1.392,-12.033,-20.983
268.0,268,276,-26.994,-33.553,-49.347,-58.281,-30.062,-33.356,-37.315,-38.494,3.068,-0.197,-12.032,-19.786
269.0,269,277,-28.325,-35.586,-51.756,-60.331,-32.089,-35.466,-38.891,-40.543,3.765,-0.120,-12.865,-19.788
270.0,270,278,-28.125,-35.685,-53.836,-61.319,-31.779,-35.208,-38.923,-40.211,3.654,-0.478,-14.913,-21.108
271.0,271,279,-28.631,-38.723,-56.779,-66.859,-33.961,-37.756,-40.969,-42.393,5.330,-0.967,-15.811,-24.466
272.0,272,280,-28.060,-36.530,-54.911,-63.776,-33.455,-36.369,-40.821,-41.856,5.395,-0.161,-14.090,-21.921
273.0,273,281,-26.199,-33.090,-48.482,-56.469,-29.794,-33.022,-37.323,-38.166,3.594,-0.068,-11.158,-18.303
274.0,274,282,-26.293,-33.914,-48.449,-56.937,-27.837,-32.284,-36.151,-36.197,1.544,-1.631,-12.298,-20.739
275.0,275,283,-25.948,-33.835,-49.994,-59.857,-28.920,-33.338,-37.368,-37.272,2.971,-0.497,-12.626,-22.584
276.0,276,284,-27.333,-34.522,-50.732,-59.038,-30.764,-34.278,-37.644,-39.197,3.431,-0.244,-13.088,-19.841
277.0,277,285,-27.026,-35.003,-50.833,-59.372,-29.504,-33.920,-36.371,-37.948,2.477,-1.084,-14.463,-21.424
278.0,278,286,-23.895,-32.470,-47.438,-56.454,-26.510,-31.017,-33.171,-34.943,2.615,-1.453,-14.267,-21.511
279.0,279,287,-24.246,-31.369,-41.923,-51.175,-25.217,-30.463,-32.712,-33.610,0.971,-0.906,-9.211,-17.565
280.0,280,288,-27.346,-33.273,-39.543,-46.897,-27.485,-31.938,-33.139,-35.932,0.139,-1.335,-6.403,-10.965
281.0,281,289,-24.199,-30.421,-43.522,-51.515,-26.602,-29.785,-31.863,-35.117,2.403,-0.636,-11.659,-16.398
282.0,282,290,-20.745,-29.405,-41.990,-51.030,-23.598,-28.246,-29.580,-32.083,2.853,-1.159,-12.410,-18.947
283.0,283,291,-22.189,-30.723,-43.974,-51.535,-25.194,-29.602,-31.956,-33.609,3.005,-1.120,-12.018,-17.926
284.0,284,292,-23.216,-30.603,-44.355,-52.423,-26.714,-30.634,-32.371,-35.199,3.498,0.031,-11.984,-17.224
285.0,285,293,-19.984,-29.613,-44.489,-51.565,-23.605,-28.422,-30.163,-32.043,3.621,-1.191,-14.326,-19.522
286.0,286,294,-21.968,-28.782,-38.782,-48.230,-24.105,-27.446,-30.660,-32.604,2.136,-1.336,-8.122,-15.625
287.0,287,295,-19.267,-26.762,-36.019,-45.417,-21.772,-26.249,-28.407,-30.163,2.505,-0.513,-7.612,-15.255
288.0,288,296,-23.921,-29.218,-32.963,-39.957,-23.513,-28.231,-29.800,-32.828,-0.408,-0.987,-3.163,-7.129
289.0,289,297,-18.048,-27.758,-37.590,-44.760,-22.132,-26.504,-28.675,-30.621,4.085,-1.254,-8.915,-14.139
290.0,290,298,-18.167,-27.987,-41.512,-48.525,-22.282,-26.482,-29.619,-30.706,4.115,-1.505,-11.894,-17.819
291.0,291,299,-19.938,-27.682,-41.013,-48.331,-22.913,-27.155,-30.940,-31.276,2.975,-0.528,-10.072,-17.056
292.0,292,300,-20.044,-28.368,-40.995,-47.894,-23.223,-27.231,-29.625,-31.680,3.178,-1.137,-11.371,-16.214
293.0,293,301,-18.623,-28.493,-41.768,-49.376,-23.060,-27.337,-29.458,-31.534,4.437,-1.156,-12.309,-17.842
294.0,294,302,-19.302,-29.271,-43.507,-50.870,-24.079,-28.245,-31.140,-32.527,4.777,-1.026,-12.367,-18.343
295.0,295,303,-21.429,-29.404,-42.728,-50.891,-23.970,-28.694,-32.512,-32.304,2.541,-0.711,-10.217,-18.587
296.0,296,304,-23.837,-30.714,-43.846,-51.344,-26.008,-29.351,-32.095,-34.491,2.171,-1.362,-11.751,-16.852
297.0,297,305,-21.935,-30.367,-42.861,-50.919,-25.245,-29.368,-31.520,-33.663,3.310,-1.000,-11.341,-17.257
298.0,298,306,-22.611,-30.240,-44.046,-51.853,-26.310,-29.860,-33.160,-34.741,3.699,-0.380,-10.886,-17.112
299.0,299,307,-23.388,-32.578,-45.282,-53.566,-26.880,-31.511,-34.054,-35.305,3.492,-1.067,-11.228,-18.261
300.0,300,308,-24.526,-31.679,-46.980,-55.273,-27.183,-31.252,-34.489,-35.637,2.658,-0.427,-12.491,-19.636
301.0,301,309,-26.624,-35.207,-51.211,-60.853,-31.333,-34.792,-38.425,-39.774,4.709,-0.415,-12.786,-21.079
302.0,302,310,-28.683,-39.264,-55.201,-66.177,-32.603,-37.454,-39.899,-41.054,3.920,-1.810,-15.302,-25.123
303.0,303,311,-28.999,-37.462,-54.124,-64.044,-31.451,-36.956,-39.692,-39.813,2.452,-0.506,-14.432,-24.231
304.0,304,312,-30.499,-38.407,-54.231,-65.795,-33.723,-37.302,-40.908,-42.173,3.224,-1.105,-13.323,-23.623
305.0,305,313,-30.115,-38.026,-54.115,-66.428,-34.379,-37.393,-41.467,-42.843,4.264,-0.633,-12.648,-23.585
306.0,306,314,-31.144,-40.653,-56.267,-68.708,-35.650,-40.040,-42.911,-44.092,4.507,-0.614,-13.356,-24.616
307.0,307,315,-32.396,-42.236,-58.965,-71.692,-37.949,-41.899,-44.986,-46.422,5.553,-0.336,-13.979,-25.270
308.0,308,316,-41.662,-53.701,-70.235,-81.326,-48.247,-53.724,-54.958,-56.726,6.585,0.023,-15.277,-24.600
309.0,309,317,-44.230,-52.625,-70.849,-85.541,-47.581,-50.813,-55.283,-56.015,3.351,-1.812,-15.566,-29.526
310.0,310,318,-48.228,-56.155,-76.032,-87.521,-57.350,-59.386,-64.510,-65.847,9.122,3.230,-11.522,-21.675
311.0,311,319,-64.216,-77.963,-87.592,-89.297,-71.351,-68.924,-78.154,-79.541,7.135,-9.039,-9.438,-9.756
312.0,312,320,-48.230,-58.195,-71.844,-82.031,-47.327,-52.714,-53.967,-55.780,-0.903,-5.481,-17.876,-26.251
313.0,313,321,-43.773,-54.289,-68.023,-78.471,-37.306,-39.318,-43.948,-45.844,-6.467,-14.971,-24.075,-32.627
314.0,314,322,-30.237,-37.174,-53.118,-61.027,-36.611,-38.559,-42.927,-45.065,6.374,1.386,-10.191,-15.962
315.0,315,323,-35.080,-44.761,-57.189,-65.167,-40.493,-46.252,-47.134,-48.941,5.413,1.491,-10.055,-16.226
316.0,316,324,-26.666,-34.872,-51.903,-57.756,-29.504,-33.278,-35.768,-37.964,2.838,-1.594,-16.135,-19.793
317.0,317,325,-37.209,-43.369,-60.168,-69.307,-44.266,-45.663,-50.541,-52.734,7.057,2.294,-9.627,-16.573
318.0,318,326,-42.401,-53.412,-71.338,-82.711,-45.564,-49.749,-52.593,-53.986,3.163,-3.663,-18.745,-28.725
319.0,319,327,-31.835,-42.650,-61.484,-71.873,-34.000,-39.927,-40.741,-42.420,2.165,-2.723,-20.743,-29.454
320.0,320,328,-27.647,-37.875,-56.084,-64.432,-32.371,-37.519,-38.929,-40.824,4.724,-0.355,-17.154,-23.608
321.0,321,329,-32.635,-38.496,-55.169,-62.996,-35.776,-36.460,-41.647,-44.349,3.141,-2.037,-13.521,-18.646
322.0,322,330,-31.755,-39.119,-56.724,-64.197,-39.471,-40.445,-45.137,-47.968,7.717,1.326,-11.587,-16.229
323.0,323,331,-33.260,-41.805,-60.632,-73.728,-36.826,-40.801,-44.051,-45.255,3.566,-1.004,-16.581,-28.473
324.0,324,332,-33.889,-40.438,-58.060,-66.273,-37.913,-39.731,-44.734,-46.358,4.024,-0.707,-13.326,-19.915
325.0,325,333,-32.656,-41.108,-58.134,-69.784,-36.601,-39.053,-43.525,-45.072,3.945,-2.055,-14.609,-24.713
326.0,326,334,-31.375,-39.961,-57.547,-66.522,-36.700,-40.307,-43.258,-45.186,5.326,0.346,-14.289,-21.336
327.0,327,335,-34.403,-44.738,-60.162,-74.174,-37.855,-43.030,-45.638,-46.269,3.452,-1.707,-14.524,-27.905
328.0,328,336,-33.335,-45.136,-61.346,-77.067,-40.278,-45.510,-47.218,-48.750,6.943,0.374,-14.128,-28.317
329.0,329,337,-33.124,-45.337,-66.389,-81.417,-39.154,-43.385,-45.804,-47.669,6.030,-1.952,-20.584,-33.748
330.0,330,338,-31.920,-41.750,-57.742,-67.124,-35.891,-39.478,-42.768,-44.270,3.971,-2.272,-14.975,-22.855
331.0,331,339,-28.882,-37.265,-53.264,-60.893,-35.719,-36.658,-41.927,-44.225,6.837,-0.607,-11.336,-16.668
332.0,332,340,-29.956,-39.567,-57.100,-66.820,-34.120,-37.938,-40.921,-42.575,4.163,-1.629,-16.179,-24.245
333.0,333,341,-30.215,-36.604,-53.187,-60.687,-32.683,-34.912,-39.077,-41.184,2.468,-1.691,-14.110,-19.503
334.0,334,342,-28.437,-36.078,-52.282,-59.271,-31.939,-35.950,-38.253,-40.384,3.502,-0.128,-14.029,-18.887
335.0,335,343,-31.920,-40.715,-56.346,-67.370,-34.043,-38.216,-40.547,-42.515,2.123,-2.499,-15.799,-24.855
336.0,336,344,-27.746,-35.786,-51.711,-58.544,-33.262,-36.492,-40.187,-41.632,5.517,0.705,-11.525,-16.911
337.0,337,345,-26.381,-33.988,-49.001,-56.258,-27.641,-33.101,-35.502,-35.966,1.260,-0.887,-13.499,-20.292
338.0,338,346,-29.343,-36.123,-51.062,-60.626,-31.081,-35.184,-38.995,-39.454,1.737,-0.939,-12.067,-21.172
339.0,339,347,-30.169,-37.100,-52.905,-62.447,-34.127,-36.530,-41.030,-42.648,3.958,-0.570,-11.875,-19.799
340.0,340,348,-32.970,-40.759,-57.310,-66.487,-36.631,-39.018,-43.294,-45.113,3.662,-1.741,-14.016,-21.374
341.0,341,349,-33.559,-40.701,-59.169,-69.984,-39.503,-41.770,-45.840,-47.955,5.943,1.068,-13.329,-22.029
342.0,342,350,-35.341,-43.463,-62.377,-74.018,-39.985,-42.371,-46.766,-48.484,4.644,-1.092,-15.611,-25.534
343.0,343,351,-34.848,-44.451,-62.394,-75.958,-38.901,-42.842,-45.634,-47.348,4.054,-1.609,-16.760,-28.610
344.0,344,352,-35.649,-43.362,-62.521,-72.899,-37.700,-40.226,-44.267,-46.208,2.052,-3.136,-18.254,-26.691
345.0,345,353,-29.406,-36.504,-54.212,-62.659,-32.705,-35.639,-38.954,-41.206,3.298,-0.865,-15.258,-21.453
346.0,346,354,-30.066,-37.727,-55.556,-66.763,-34.426,-37.361,-40.933,-42.931,4.360,-0.365,-14.623,-23.832
347.0,347,355,-32.063,-41.310,-59.032,-71.316,-35.955,-39.661,-42.716,-44.458,3.892,-1.649,-16.316,-26.857
348.0,348,356,-32.304,-42.309,-60.209,-74.425,-36.570,-40.877,-43.387,-45.066,4.265,-1.432,-16.822,-29.359
349.0,349,357,-30.505,-39.046,-57.575,-65.741,-32.397,-34.963,-39.110,-40.899,1.892,-4.083,-18.465,-24.841
350.0,350,358,-25.390,-33.425,-48.800,-56.072,-29.992,-33.533,-36.301,-38.497,4.602,0.108,-12.499,-17.575
351.0,351,359,-26.010,-33.900,-49.778,-58.404,-31.362,-34.352,-38.250,-39.770,5.351,0.452,-11.527,-18.634
352.0,352,360,-25.276,-35.508,-51.931,-61.464,-28.877,-34.614,-35.724,-37.317,3.601,-0.894,-16.207,-24.147
353.0,353,361,-25.281,-36.716,-52.994,-62.696,-30.483,-35.823,-37.399,-38.942,5.202,-0.893,-15.595,-23.754
354.0,354,362,-23.502,-34.790,-51.243,-61.678,-27.561,-33.601,-34.395,-35.965,4.060,-1.190,-16.848,-25.714
355.0,355,363,-24.276,-32.978,-48.638,-56.113,-29.945,-32.753,-36.818,-38.354,5.669,-0.224,-11.820,-17.759
356.0,356,364,-27.703,-35.965,-49.794,-57.959,-31.477,-35.676,-37.946,-39.997,3.774,-0.289,-11.848,-17.961
357.0,357,365,-28.280,-37.070,-52.893,-60.627,-30.355,-34.611,-36.975,-38.822,2.075,-2.459,-15.919,-21.806
358.0,358,366,-24.708,-34.210,-47.105,-56.278,-28.307,-33.770,-35.099,-36.790,3.599,-0.440,-12.006,-19.488
359.0,359,367,-27.712,-35.608,-46.824,-54.798,-31.262,-35.254,-36.086,-39.733,3.550,-0.354,-10.738,-15.064
360.0,360,368,-32.528,-39.867,-53.251,-62.712,-35.641,-39.171,-41.496,-44.156,3.113,-0.696,-11.754,-18.556
361.0,361,369,-29.092,-37.325,-49.645,-61.491,-32.243,-35.878,-38.826,-40.784,3.151,-1.447,-10.819,-20.707
362.0,362,370,-27.925,-36.581,-49.563,-58.777,-29.768,-35.783,-37.687,-38.144,1.843,-0.798,-11.875,-20.633
363.0,363,371,-26.987,-37.130,-50.045,-58.774,-28.453,-33.504,-35.965,-36.879,1.466,-3.626,-14.081,-21.895
364.0,364,372,-25.708,-35.178,-50.476,-58.109,-30.433,-35.509,-38.082,-38.797,4.725,0.331,-12.394,-19.312
365.0,365,373,-25.749,-33.913,-49.905,-59.424,-30.171,-33.765,-38.030,-38.522,4.421,-0.149,-11.876,-20.902
366.0,366,374,-25.172,-35.675,-51.830,-60.484,-29.378,-34.811,-36.284,-37.824,4.206,-0.864,-15.546,-22.661
367.0,367,375,-28.351,-36.496,-52.935,-61.941,-33.173,-35.775,-39.515,-41.661,4.822,-0.721,-13.419,-20.280
368.0,368,376,-31.453,-41.246,-57.315,-68.511,-36.885,-40.723,-43.536,-45.376,5.433,-0.523,-13.779,-23.136
369.0,369,377,-31.650,-41.285,-58.681,-68.967,-37.056,-39.449,-43.791,-45.525,5.407,-1.835,-14.890,-23.442
370.0,370,378,-33.372,-42.015,-59.817,-71.788,-39.485,-42.588,-46.179,-47.937,6.112,0.573,-13.638,-23.851
371.0,371,379,-35.785,-43.868,-63.304,-75.535,-40.147,-42.459,-46.828,-48.614,4.362,-1.409,-16.476,-26.921
372.0,372,380,-35.584,-46.577,-64.755,-75.902,-39.983,-46.508,-47.069,-48.462,4.399,-0.069,-17.686,-27.440
373.0,373,381,-34.533,-47.633,-67.573,-81.057,-39.903,-45.930,-46.737,-48.403,5.369,-1.703,-20.836,-32.654
374.0,374,382,-36.896,-48.839,-72.440,-86.475,-42.905,-47.655,-49.658,-51.394,6.009,-1.185,-22.782,-35.081
375.0,375,383,-35.479,-46.111,-68.825,-83.075,-39.065,-42.900,-45.860,-47.576,3.586,-3.212,-22.965,-35.499
376.0,376,384,-34.292,-43.794,-57.023,-70.813,-39.275,-43.290,-46.084,-47.779,4.983,-0.504,-10.939,-23.034
377.0,377,385,-31.351,-40.550,-57.795,-71.589,-35.847,-39.771,-42.564,-44.333,4.496,-0.779,-15.231,-27.257
378.0,378,386,-30.929,-39.837,-52.398,-68.206,-35.055,-38.709,-41.918,-43.509,4.125,-1.128,-10.480,-24.696
379.0,379,387,-30.243,-42.068,-56.914,-71.699,-34.592,-39.281,-40.390,-43.086,4.350,-2.787,-16.525,-28.613
380.0,380,388,-31.587,-42.017,-56.097,-68.356,-36.344,-40.612,-42.187,-44.828,4.757,-1.405,-13.910,-23.527
381.0,381,389,-29.687,-39.188,-53.591,-69.699,-33.703,-38.318,-38.600,-42.348,4.016,-0.870,-14.991,-27.351
382.0,382,390,-29.622,-39.620,-56.321,-68.677,-33.946,-37.894,-40.491,-42.409,4.324,-1.726,-15.830,-26.268
383.0,383,391,-32.937,-43.000,-61.325,-74.233,-37.441,-42.323,-44.644,-45.887,4.504,-0.677,-16.681,-28.346
384.0,384,392,-33.123,-43.033,-60.922,-75.722,-39.030,-42.559,-45.630,-47.519,5.907,-0.474,-15.291,-28.204
385.0,385,393,-34.145,-46.033,-66.382,-81.965,-39.648,-44.129,-46.302,-48.142,5.504,-1.904,-20.079,-33.823
386.0,386,394,-32.969,-43.356,-64.438,-78.399,-35.825,-40.396,-42.929,-44.365,2.856,-2.959,-21.509,-34.034
387.0,387,395,-32.418,-42.136,-52.204,-66.467,-37.112,-41.290,-43.826,-45.589,4.695,-0.846,-8.378,-20.878
388.0,388,396,-31.176,-39.800,-55.492,-67.626,-34.922,-39.712,-41.782,-43.403,3.746,-0.088,-13.710,-24.223
389.0,389,397,-28.785,-39.218,-53.353,-70.695,-34.220,-38.021,-41.152,-42.719,5.435,-1.197,-12.202,-27.976
390.0,390,398,-31.112,-41.727,-57.907,-72.507,-34.412,-39.113,-40.817,-42.901,3.300,-2.614,-17.090,-29.606
391.0,391,399,-29.659,-40.246,-56.418,-68.675,-35.876,-39.946,-41.256,-44.338,6.216,-0.300,-15.162,-24.337
392.0,392,400,-29.184,-38.866,-55.413,-71.277,-33.847,-37.924,-39.043,-42.403,4.663,-0.942,-16.371,-28.874
393.0,393,401,-31.379,-40.870,-60.333,-74.331,-35.469,-39.637,-42.238,-43.934,4.091,-1.233,-18.095,-30.397
394.0,394,402,-33.120,-43.359,-61.470,-75.719,-38.715,-44.077,-45.691,-47.149,5.594,0.717,-15.779,-28.570
395.0,395,403,-32.452,-43.419,-62.883,-77.111,-37.759,-42.084,-44.464,-46.256,5.307,-1.335,-18.418,-30.855
396.0,396,404,-35.481,-46.471,-66.713,-82.372,-40.442,-44.652,-47.059,-48.921,4.960,-1.820,-19.654,-33.451
397.0,397,405,-35.960,-48.421,-69.898,-84.541,-41.413,-45.785,-48.215,-49.897,5.453,-2.637,-21.683,-34.644
398.0,398,406,-29.297,-39.458,-51.855,-64.129,-33.555,-37.985,-39.756,-41.988,4.258,-1.473,-12.099,-22.140
399.0,399,407,-29.888,-39.715,-50.752,-65.309,-33.097,-37.669,-40.103,-41.693,3.209,-2.047,-10.648,-23.616
400.0,400,408,-31.472,-40.460,-53.112,-65.935,-34.425,-38.462,-41.359,-42.957,2.953,-1.998,-11.753,-22.978
401.0,401,409,-29.116,-38.849,-51.274,-64.347,-35.131,-40.199,-41.960,-43.711,6.015,1.350,-9.315,-20.636
402.0,402,410,-33.054,-42.243,-59.326,-71.141,-37.748,-41.367,-44.660,-46.215,4.694,-0.877,-14.667,-24.927
403.0,403,411,-30.185,-41.027,-61.654,-76.090,-33.431,-38.776,-40.606,-41.849,3.246,-2.251,-21.048,-34.241
404.0,404,412,-30.298,-40.622,-53.710,-67.187,-36.128,-41.040,-43.089,-44.580,5.830,0.418,-10.621,-22.607
405.0,405,413,-30.548,-38.139,-50.401,-65.563,-34.762,-37.621,-42.405,-43.133,4.214,-0.518,-7.996,-22.430
406.0,406,414,-30.753,-40.138,-58.947,-70.898,-32.652,-37.836,-40.269,-41.046,1.899,-2.302,-18.678,-29.852
407.0,407,415,-34.073,-40.544,-49.355,-66.684,-39.783,-43.597,-46.968,-48.236,5.710,3.053,-2.387,-18.448
408.0,408,416,-32.330,-42.533,-62.629,-75.493,-37.127,-41.136,-43.691,-45.580,4.797,-1.397,-18.938,-29.913
409.0,409,417,-33.688,-44.475,-63.369,-75.315,-35.337,-40.394,-43.582,-43.759,1.650,-4.081,-19.787,-31.557
410.0,410,418,-33.065,-39.318,-50.826,-66.409,-35.412,-39.705,-44.008,-43.758,2.347,0.386,-6.818,-22.651
411.0,411,419,-28.545,-39.287,-55.655,-69.848,-32.766,-38.261,-39.573,-41.210,4.221,-1.026,-16.082,-28.638
412.0,412,420,-31.264,-41.647,-59.262,-73.499,-35.198,-39.405,-42.260,-43.618,3.934,-2.241,-17.002,-29.881
413.0,413,421,-31.158,-38.798,-52.157,-70.040,-35.760,-39.462,-39.686,-44.390,4.601,0.665,-12.471,-25.649
414.0,414,422,-34.009,-41.383,-56.361,-68.229,-38.097,-40.439,-42.086,-46.576,4.087,-0.944,-14.276,-21.653
415.0,415,423,-33.871,-44.383,-61.065,-75.328,-37.031,-41.760,-42.534,-45.603,3.160,-2.623,-18.531,-29.725
416.0,416,424,-32.684,-42.366,-57.759,-73.413,-36.854,-41.136,-43.402,-45.371,4.170,-1.230,-14.358,-28.041
417.0,417,425,-30.579,-41.966,-60.280,-73.567,-35.532,-40.316,-42.151,-44.056,4.953,-1.651,-18.130,-29.511
418.0,418,426,-33.361,-44.209,-62.899,-77.527,-37.427,-42.148,-44.345,-45.894,4.066,-2.060,-18.554,-31.633
419.0,419,427,-31.561,-43.205,-61.809,-74.798,-37.784,-43.323,-44.723,-46.255,6.223,0.118,-17.086,-28.543
420.0,420,428,-39.956,-49.226,-68.077,-81.499,-44.314,-48.171,-51.217,-52.770,4.358,-1.055,-16.860,-28.729
421.0,421,429,-38.351,-50.859,-71.760,-84.700,-44.788,-49.847,-51.532,-53.295,6.437,-1.013,-20.229,-31.405
422.0,422,430,-39.855,-50.724,-61.512,-73.835,-40.951,-44.813,-48.645,-49.483,1.096,-5.911,-12.867,-24.352
423.0,423,431,-34.368,-41.065,-56.247,-67.493,-35.191,-38.993,-43.575,-43.491,0.823,-2.072,-12.671,-24.002
424.0,424,432,-30.323,-37.967,-56.159,-65.059,-36.804,-39.338,-44.243,-45.175,6.481,1.371,-11.916,-19.884
425.0,425,433,-32.301,-42.246,-62.843,-74.928,-36.170,-41.602,-42.960,-44.587,3.869,-0.643,-19.883,-30.341
426.0,426,434,-33.061,-43.839,-63.653,-74.728,-40.192,-45.142,-46.899,-48.689,7.131,1.303,-16.753,-26.039
427.0,427,435,-33.666,-42.703,-61.347,-72.139,-36.579,-40.850,-43.286,-45.022,2.913,-1.852,-18.061,-27.117
428.0,428,436,-26.711,-36.677,-55.845,-64.592,-31.083,-36.159,-37.960,-39.514,4.372,-0.519,-17.885,-25.078
429.0,429,437,-27.459,-37.355,-54.716,-64.567,-32.283,-37.190,-38.807,-40.760,4.824,-0.166,-15.909,-23.807
430.0,430,438,-34.524,-42.139,-60.142,-70.836,-38.259,-41.347,-44.945,-46.766,3.735,-0.792,-15.197,-24.070
431.0,431,439,-32.225,-45.315,-65.120,-78.781,-38.890,-44.291,-45.798,-47.409,6.665,-1.024,-19.322,-31.373
432.0,432,440,-33.267,-43.990,-62.927,-75.309,-40.213,-42.634,-46.768,-48.729,6.946,-1.357,-16.159,-26.581
433.0,433,441,-31.646,-38.717,-55.588,-64.313,-35.053,-37.027,-41.520,-43.560,3.407,-1.690,-14.068,-20.753
434.0,434,442,-27.618,-37.009,-54.738,-63.208,-31.298,-36.292,-38.099,-39.723,3.681,-0.717,-16.639,-23.485
435.0,435,443,-28.472,-39.422,-57.583,-68.053,-33.322,-38.294,-40.143,-41.764,4.850,-1.129,-17.440,-26.289
436.0,436,444,-29.699,-41.935,-58.337,-69.323,-36.208,-41.643,-42.981,-44.718,6.509,-0.292,-15.356,-24.605
437.0,437,445,-31.002,-43.759,-60.962,-71.825,-36.446,-42.219,-43.455,-44.928,5.443,-1.539,-17.507,-26.897
438.0,438,446,-30.190,-39.212,-54.695,-64.071,-33.313,-36.136,-39.972,-41.825,3.123,-3.076,-14.723,-22.245
439.0,439,447,-27.142,-35.180,-52.438,-59.633,-29.958,-34.603,-36.738,-38.377,2.816,-0.578,-15.700,-21.256
440.0,440,448,-26.245,-36.672,-54.743,-63.289,-30.551,-35.129,-37.564,-38.953,4.306,-1.543,-17.179,-24.337
441.0,441,449,-26.700,-35.408,-50.966,-60.441,-33.357,-36.398,-40.199,-41.799,6.656,0.990,-10.767,-18.641
442.0,442,450,-28.173,-36.686,-50.899,-60.292,-30.984,-35.435,-38.739,-39.360,2.812,-1.252,-12.160,-20.932
443.0,443,451,-32.810,-42.688,-57.989,-68.399,-37.490,-42.366,-44.433,-45.915,4.680,-0.322,-13.556,-22.484
444.0,444,452,-31.764,-39.677,-56.846,-65.098,-34.815,-38.814,-41.758,-43.221,3.051,-0.863,-15.088,-21.877
445.0,445,453,-26.586,-37.162,-56.986,-67.576,-31.317,-37.732,-38.165,-39.712,4.731,0.570,-18.821,-27.864
446.0,446,454,-33.661,-45.066,-65.768,-79.382,-40.670,-46.509,-47.443,-49.119,7.009,1.443,-18.325,-30.264
447.0,447,455,-36.902,-48.418,-66.587,-79.226,-41.963,-47.329,-48.868,-50.435,5.060,-1.089,-17.719,-28.791
448.0,448,456,-38.469,-49.375,-68.331,-81.562,-42.873,-48.017,-49.674,-51.328,4.404,-1.359,-18.657,-30.234
449.0,449,457,-33.440,-40.638,-51.411,-61.957,-37.431,-40.045,-42.430,-45.907,3.991,-0.593,-8.981,-16.051
450.0,450,458,-32.170,-40.797,-51.393,-60.663,-32.568,-37.504,-40.016,-41.225,0.397,-3.292,-11.377,-19.438
451.0,451,459,-29.785,-37.875,-45.348,-58.626,-34.068,-38.308,-40.918,-42.632,4.283,0.434,-4.430,-15.993
452.0,452,460,-28.541,-36.103,-42.774,-55.709,-31.828,-35.597,-37.936,-40.606,3.287,-0.506,-4.838,-15.104
453.0,453,461,-28.410,-36.806,-49.098,-61.908,-32.843,-35.839,-39.355,-41.272,4.433,-0.966,-9.743,-20.636
454.0,454,462,-29.211,-38.300,-49.915,-63.076,-30.280,-35.946,-38.807,-38.617,1.069,-2.354,-11.108,-24.459
455.0,455,463,-29.923,-37.883,-45.657,-61.849,-34.665,-38.452,-41.499,-43.167,4.742,0.569,-4.158,-18.683
456.0,456,464,-29.051,-36.896,-44.614,-57.865,-32.230,-36.667,-39.870,-41.012,3.179,-0.229,-4.743,-16.853
457.0,457,465,-29.433,-39.216,-52.525,-65.576,-32.899,-37.231,-37.979,-41.534,3.466,-1.985,-14.546,-24.042
458.0,458,466,-32.651,-42.355,-57.678,-72.261,-37.153,-41.234,-43.875,-45.669,4.502,-1.121,-13.803,-26.592
459.0,459,467,-32.003,-42.461,-58.950,-70.950,-35.667,-39.679,-41.324,-44.236,3.665,-2.782,-17.626,-26.714
460.0,460,468,-31.805,-37.894,-46.332,-56.352,-34.957,-38.100,-40.612,-43.364,3.151,0.206,-5.720,-12.987
461.0,461,469,-26.596,-35.386,-43.459,-55.801,-29.928,-34.405,-37.373,-38.604,3.332,-0.981,-6.087,-17.197
462.0,462,470,-30.936,-38.493,-45.272,-58.157,-33.634,-37.433,-39.734,-42.296,2.699,-1.060,-5.537,-15.860
463.0,463,471,-31.605,-40.065,-53.207,-64.970,-32.863,-37.732,-39.544,-41.346,1.258,-2.332,-13.663,-23.624
464.0,464,472,-28.314,-36.162,-48.141,-59.294,-34.124,-36.391,-40.699,-42.505,5.811,0.229,-7.442,-16.790
465.0,465,473,-29.244,-36.521,-45.755,-61.597,-30.670,-35.776,-39.463,-39.003,1.425,-0.745,-6.293,-22.594
466.0,466,474,-29.758,-39.906,-54.427,-64.311,-32.682,-36.922,-39.707,-41.232,2.924,-2.984,-14.721,-23.079
467.0,467,475,-29.591,-37.135,-46.534,-59.281,-34.907,-38.645,-41.901,-43.571,5.316,1.510,-4.633,-15.710
468.0,468,476,-29.485,-38.260,-51.497,-64.048,-32.280,-36.257,-37.311,-40.860,2.795,-2.002,-14.186,-23.189
469.0,469,477,-29.290,-40.025,-56.248,-67.974,-34.089,-39.013,-40.814,-42.570,4.800,-1.011,-15.434,-25.404
470.0,470,478,-30.247,-41.067,-57.957,-69.135,-32.336,-37.331,-39.052,-40.801,2.089,-3.736,-18.906,-28.335
471.0,471,479,-27.655,-35.556,-49.944,-62.315,-31.509,-35.034,-38.214,-39.981,3.854,-0.522,-11.730,-22.334
472.0,472,480,-26.831,-34.757,-43.644,-55.950,-30.619,-34.566,-37.602,-39.308,3.788,-0.190,-6.042,-16.642
473.0,473,481,-25.545,-34.555,-44.068,-58.281,-28.658,-34.093,-36.592,-37.041,3.113,-0.462,-7.477,-21.240
474.0,474,482,-24.625,-35.045,-51.417,-60.019,-27.812,-34.047,-34.495,-36.250,3.187,-0.999,-16.922,-23.769
475.0,475,483,-23.907,-32.210,-41.638,-55.182,-26.632,-31.953,-34.891,-34.975,2.726,-0.256,-6.747,-20.207
476.0,476,484,-24.022,-32.467,-39.259,-50.726,-25.564,-29.846,-32.060,-34.297,1.541,-2.622,-7.199,-16.429
477.0,477,485,-26.496,-33.606,-40.539,-51.833,-28.421,-32.612,-35.947,-37.065,1.925,-0.994,-4.592,-14.767
478.0,478,486,-28.094,-34.954,-42.055,-54.113,-32.233,-36.170,-38.937,-40.672,4.139,1.215,-3.118,-13.441
479.0,479,487,-26.515,-36.699,-49.575,-57.622,-27.993,-34.486,-35.022,-36.437,1.478,-2.213,-14.553,-21.185
480.0,480,488,-22.246,-31.922,-39.943,-51.302,-25.617,-30.876,-32.801,-34.234,3.371,-1.046,-7.142,-17.068
481.0,481,489,-25.411,-31.940,-41.329,-50.430,-26.568,-31.343,-32.591,-35.006,1.156,-0.597,-8.738,-15.424
482.0,482,490,-26.554,-33.601,-42.242,-47.210,-27.542,-31.679,-34.998,-36.047,0.988,-1.922,-7.244,-11.163
483.0,483,491,-29.634,-36.440,-41.441,-48.318,-31.524,-35.870,-36.115,-40.212,1.890,-0.570,-5.325,-8.106
484.0,484,492,-30.320,-35.920,-42.483,-53.069,-31.810,-35.814,-37.669,-40.420,1.490,-0.106,-4.814,-12.648
485.0,485,493,-28.384,-36.072,-45.142,-60.171,-29.964,-35.498,-38.097,-38.323,1.579,-0.574,-7.045,-21.849
486.0,486,494,-28.906,-38.949,-54.182,-65.879,-32.152,-37.395,-37.861,-40.694,3.246,-1.554,-16.322,-25.185
487.0,487,495,-31.423,-40.431,-53.294,-69.424,-36.626,-41.023,-41.483,-45.198,5.203,0.592,-11.811,-24.226
488.0,488,496,-30.382,-40.464,-56.716,-68.943,-34.465,-38.750,-40.348,-43.012,4.083,-1.715,-16.368,-25.931
489.0,489,497,-36.833,-44.990,-62.193,-76.343,-42.198,-45.055,-48.209,-50.746,5.366,0.065,-13.984,-25.597
490.0,490,498,-37.952,-48.411,-67.379,-80.829,-43.088,-47.545,-50.109,-51.527,5.136,-0.865,-17.271,-29.303
491.0,491,499,-35.539,-43.964,-62.847,-72.391,-38.071,-41.855,-44.446,-46.589,2.532,-2.110,-18.401,-25.801
492.0,492,500,-30.406,-38.340,-57.807,-67.117,-33.114,-36.901,-39.502,-41.602,2.708,-1.439,-18.305,-25.515
493.0,493,501,-31.764,-39.216,-56.101,-67.035,-35.210,-38.735,-41.466,-43.732,3.446,-0.480,-14.634,-23.303
494.0,494,502,-26.054,-35.305,-52.587,-61.511,-29.293,-34.008,-36.058,-37.732,3.239,-1.297,-16.528,-23.778
495.0,495,503,-24.790,-34.623,-53.346,-61.653,-29.184,-34.016,-35.671,-37.621,4.394,-0.607,-17.675,-24.032
496.0,496,504,-27.789,-35.393,-51.542,-59.571,-30.167,-35.019,-38.045,-38.490,2.379,-0.375,-13.498,-21.081
497.0,497,505,-26.888,-35.426,-50.634,-58.455,-29.127,-36.009,-36.506,-37.481,2.239,0.583,-14.128,-20.974
498.0,498,506,-26.515,-35.197,-51.878,-59.661,-31.787,-34.939,-38.427,-40.248,5.272,-0.258,-13.452,-19.414
499.0,499,507,-35.073,-42.983,-59.469,-68.750,-40.114,-42.865,-46.602,-48.604,5.041,-0.118,-12.868,-20.146
500.0,500,508,-33.292,-42.034,-61.729,-71.680,-35.673,-40.168,-42.865,-44.094,2.381,-1.866,-18.864,-27.586
501.0,501,509,-29.697,-36.723,-53.541,-62.389,-30.066,-34.662,-38.225,-38.408,0.369,-2.061,-15.316,-23.981
502.0,502,510,-27.507,-36.848,-52.455,-60.483,-29.846,-35.790,-37.073,-38.228,2.339,-1.059,-15.382,-22.255
503.0,503,511,-25.316,-34.970,-47.444,-55.983,-27.981,-32.698,-35.035,-36.476,2.665,-2.273,-12.409,-19.507
504.0,504,512,-26.845,-34.185,-48.629,-57.437,-30.035,-33.433,-38.071,-38.396,3.190,-0.752,-10.557,-19.041
505.0,505,513,-29.055,-34.090,-48.358,-57.027,-28.256,-32.858,-34.326,-36.739,-0.799,-1.232,-14.033,-20.289
506.0,506,514,-24.521,-33.727,-46.158,-53.908,-30.773,-35.170,-37.293,-39.267,6.252,1.442,-8.866,-14.641
507.0,507,515,-27.518,-33.980,-49.634,-57.403,-31.462,-33.922,-38.612,-39.859,3.944,-0.058,-11.022,-17.544
508.0,508,516,-30.553,-39.295,-57.052,-67.377,-34.889,-39.799,-41.739,-43.319,4.336,0.505,-15.314,-24.058
509.0,509,517,-21.480,-32.643,-45.937,-53.052,-24.719,-29.834,-31.277,-33.225,3.239,-2.809,-14.660,-19.828
510.0,510,518,-22.105,-31.988,-45.635,-53.531,-26.055,-30.956,-33.690,-34.471,3.950,-1.032,-11.945,-19.060
511.0,511,519,-25.182,-32.202,-47.498,-55.996,-29.316,-32.854,-36.180,-37.787,4.135,0.652,-11.318,-18.209
512.0,512,520,-24.600,-35.450,-50.154,-59.281,-31.548,-35.897,-38.147,-40.102,6.948,0.447,-12.007,-19.180
513.0,513,521,-30.200,-39.287,-57.404,-69.729,-35.080,-39.155,-41.828,-43.566,4.881,-0.132,-15.576,-26.163
514.0,514,522,-29.192,-37.976,-50.024,-64.588,-31.859,-35.993,-36.099,-40.519,2.667,-1.983,-13.925,-24.069
515.0,515,523,-28.792,-36.800,-53.009,-64.002,-32.648,-35.623,-40.253,-41.032,3.856,-1.177,-12.756,-22.970
516.0,516,524,-31.176,-40.774,-59.252,-70.275,-37.058,-40.242,-43.887,-45.498,5.882,-0.532,-15.365,-24.777
517.0,517,525,-39.011,-45.585,-64.911,-76.802,-41.605,-45.409,-48.599,-50.072,2.593,-0.176,-16.312,-26.729
518.0,518,526,-35.602,-48.490,-68.045,-82.075,-43.958,-48.097,-50.912,-52.418,8.356,-0.394,-17.133,-29.658
519.0,519,527,-37.413,-46.410,-64.635,-80.014,-43.394,-45.446,-47.860,-51.926,5.981,-0.963,-16.774,-28.088
520.0,520,528,-34.301,-42.306,-61.911,-73.317,-38.608,-40.907,-45.196,-47.058,4.306,-1.399,-16.715,-26.259
521.0,521,529,-35.434,-43.248,-61.616,-73.881,-36.943,-41.075,-44.011,-45.373,1.510,-2.173,-17.605,-28.508
522.0,522,530,-31.791,-40.503,-58.431,-70.452,-35.073,-39.310,-42.684,-43.478,3.282,-1.193,-15.747,-26.974
523.0,523,531,-30.967,-42.338,-57.476,-71.653,-35.880,-40.617,-43.572,-44.298,4.913,-1.721,-13.904,-27.355
524.0,524,532,-31.041,-38.056,-55.991,-66.738,-33.574,-37.610,-41.819,-41.936,2.533,-0.445,-14.172,-24.801
525.0,525,533,-27.717,-35.843,-54.056,-62.306,-32.345,-35.739,-38.833,-40.804,4.628,-0.105,-15.224,-21.502
526.0,526,534,-33.138,-40.917,-59.820,-70.573,-36.489,-40.075,-43.159,-44.969,3.351,-0.841,-16.662,-25.604
527.0,527,535,-33.693,-43.381,-60.665,-74.039,-38.932,-43.142,-46.190,-47.367,5.239,-0.239,-14.475,-26.672
528.0,528,536,-36.977,-45.696,-63.789,-78.603,-38.304,-43.047,-47.063,-46.660,1.328,-2.649,-16.726,-31.943
529.0,529,537,-33.956,-41.480,-61.750,-72.543,-39.398,-42.305,-46.961,-47.783,5.442,0.825,-14.789,-24.759
530.0,530,538,-30.194,-40.207,-60.872,-72.914,-34.832,-40.288,-41.579,-43.245,4.638,0.081,-19.294,-29.669
531.0,531,539,-31.339,-39.402,-58.078,-67.654,-36.687,-38.998,-43.429,-45.115,5.347,-0.404,-14.649,-22.539
532.0,532,540,-24.848,-34.345,-53.325,-61.465,-29.809,-34.113,-36.657,-38.211,4.961,-0.232,-16.668,-23.254
533.0,533,541,-29.958,-37.491,-53.357,-61.866,-32.368,-36.416,-40.774,-40.711,2.410,-1.074,-12.583,-21.155
534.0,534,542,-26.954,-35.230,-52.019,-59.871,-30.005,-34.161,-36.907,-38.430,3.051,-1.069,-15.112,-21.442
535.0,535,543,-24.789,-34.123,-51.666,-59.389,-29.761,-33.651,-36.664,-38.153,4.972,-0.473,-15.002,-21.236
536.0,536,544,-22.312,-31.966,-49.327,-57.217,-25.560,-31.189,-32.463,-33.984,3.248,-0.777,-16.864,-23.233
537.0,537,545,-21.915,-31.623,-47.961,-55.441,-26.847,-31.481,-34.059,-35.226,4.931,-0.142,-13.902,-20.215
538.0,538,546,-24.174,-30.910,-45.992,-53.388,-28.381,-31.789,-36.459,-36.710,4.206,0.879,-9.533,-16.677
539.0,539,547,-24.086,-31.241,-45.878,-53.672,-28.898,-31.050,-35.622,-37.313,4.812,-0.191,-10.257,-16.359
540.0,540,548,-22.722,-31.603,-46.676,-54.128,-25.862,-30.350,-32.923,-34.263,3.140,-1.252,-13.753,-19.865
541.0,541,549,-24.280,-31.035,-41.777,-51.122,-24.828,-29.288,-28.762,-33.463,0.548,-1.747,-13.015,-17.659
542.0,542,550,-27.533,-34.133,-44.665,-53.638,-28.283,-32.842,-32.613,-36.857,0.751,-1.291,-12.052,-16.781
543.0,543,551,-23.158,-31.738,-45.777,-53.115,-25.973,-31.075,-32.242,-34.403,2.815,-0.663,-13.535,-18.713
544.0,544,552,-23.464,-30.967,-42.805,-50.884,-25.469,-29.382,-30.656,-33.913,2.004,-1.585,-12.149,-16.971
545.0,545,553,-22.820,-30.195,-43.280,-49.652,-26.192,-29.314,-31.546,-34.633,3.372,-0.881,-11.734,-15.019
546.0,546,554,-22.761,-30.672,-42.609,-48.926,-24.840,-29.187,-31.230,-33.275,2.079,-1.485,-11.379,-15.651
547.0,547,555,-21.933,-31.292,-44.277,-50.370,-24.783,-29.385,-31.379,-33.307,2.850,-1.906,-12.897,-17.063
548.0,548,556,-22.181,-29.075,-42.321,-48.162,-22.572,-26.033,-30.504,-30.959,0.391,-3.043,-11.817,-17.203
549.0,549,557,-21.170,-27.097,-41.131,-46.916,-24.997,-28.077,-31.748,-33.384,3.828,0.980,-9.383,-13.532
550.0,550,558,-20.094,-28.116,-42.467,-48.238,-24.179,-27.610,-30.841,-32.636,4.085,-0.506,-11.626,-15.602
551.0,551,559,-20.751,-30.379,-42.975,-48.658,-24.226,-28.392,-31.363,-32.640,3.474,-1.987,-11.612,-16.018
552.0,552,560,-17.895,-27.384,-41.604,-47.344,-20.310,-25.271,-26.822,-28.785,2.415,-2.113,-14.782,-18.559
553.0,553,561,-17.410,-26.529,-39.613,-45.605,-24.752,-27.689,-31.439,-33.178,7.342,1.160,-8.174,-12.427
554.0,554,562,-17.089,-26.465,-39.271,-45.091,-20.793,-24.835,-27.119,-29.237,3.704,-1.630,-12.153,-15.854
555.0,555,563,-18.515,-25.963,-38.574,-44.544,-21.933,-24.487,-28.547,-30.419,3.418,-1.476,-10.026,-14.125
556.0,556,564,-21.770,-30.817,-43.791,-49.888,-25.788,-29.446,-32.542,-34.262,4.018,-1.371,-11.249,-15.625
557.0,557,565,-19.522,-29.744,-44.273,-51.299,-24.110,-28.174,-30.892,-32.621,4.588,-1.570,-13.380,-18.679
558.0,558,566,-19.197,-28.463,-36.899,-45.251,-24.626,-27.567,-31.049,-32.972,5.429,-0.895,-5.849,-12.279
559.0,559,567,-20.085,-27.157,-35.334,-46.720,-21.490,-27.212,-29.795,-29.817,1.404,0.054,-5.539,-16.904
560.0,560,568,-19.278,-27.910,-38.653,-46.382,-21.652,-27.122,-28.983,-30.069,2.374,-0.788,-9.670,-16.313
561.0,561,569,-21.242,-29.677,-40.602,-48.001,-24.308,-28.186,-30.046,-32.863,3.065,-1.491,-10.556,-15.137
562.0,562,570,-20.591,-29.598,-39.816,-48.306,-24.050,-27.876,-31.024,-32.408,3.459,-1.722,-8.792,-15.898
563.0,563,571,-20.730,-29.750,-40.798,-48.675,-22.481,-27.583,-30.914,-30.803,1.751,-2.168,-9.884,-17.872
564.0,564,572,-21.830,-28.354,-35.645,-48.065,-26.634,-30.607,-33.561,-35.100,4.804,2.252,-2.084,-12.965
565.0,565,573,-20.172,-29.293,-41.998,-49.537,-24.929,-28.539,-30.485,-33.393,4.757,-0.753,-11.513,-16.144
566.0,566,574,-22.074,-31.519,-45.802,-54.636,-26.499,-30.161,-33.317,-34.936,4.425,-1.359,-12.485,-19.700
567.0,567,575,-20.732,-29.318,-39.136,-46.950,-23.378,-26.885,-30.019,-31.761,2.646,-2.433,-9.117,-15.189
568.0,568,576,-20.156,-29.209,-39.457,-47.618,-21.587,-26.704,-29.774,-29.918,1.432,-2.505,-9.683,-17.701
569.0,569,577,-21.931,-28.162,-34.974,-47.872,-27.046,-31.281,-34.015,-35.530,5.114,3.118,-0.959,-12.343
570.0,570,578,-21.932,-29.434,-39.274,-47.295,-23.334,-28.874,-31.899,-31.682,1.401,-0.559,-7.375,-15.613
571.0,571,579,-20.466,-29.258,-40.233,-47.063,-23.725,-27.878,-29.639,-32.293,3.259,-1.379,-10.594,-14.770
572.0,572,580,-21.548,-29.339,-39.542,-48.386,-24.375,-27.934,-31.309,-32.681,2.827,-1.405,-8.233,-15.704
573.0,573,581,-20.128,-29.299,-41.776,-49.268,-24.404,-27.982,-31.070,-32.843,4.277,-1.316,-10.707,-16.425
574.0,574,582,-19.643,-27.083,-35.728,-46.720,-22.595,-27.887,-31.558,-30.896,2.951,0.804,-4.170,-15.824
575.0,575,583,-20.731,-29.417,-42.309,-48.830,-24.603,-27.882,-30.225,-33.074,3.872,-1.535,-12.084,-15.756
576.0,576,584,-20.362,-30.440,-43.556,-51.012,-24.807,-29.092,-31.750,-33.223,4.445,-1.348,-11.806,-17.788
577.0,577,585,-21.851,-30.083,-44.260,-51.280,-24.732,-28.086,-31.109,-33.484,2.881,-1.998,-13.150,-17.796
578.0,578,586,-23.213,-30.848,-37.557,-44.098,-26.431,-30.126,-32.525,-34.969,3.219,-0.723,-5.032,-9.129
579.0,579,587,-23.072,-29.497,-37.368,-46.665,-26.428,-28.883,-32.215,-34.721,3.355,-0.614,-5.153,-11.945
580.0,580,588,-20.359,-28.009,-36.945,-45.398,-24.361,-27.188,-30.615,-32.688,4.002,-0.822,-6.329,-12.711
581.0,581,589,-22.768,-30.830,-44.041,-51.900,-25.157,-29.452,-32.723,-33.614,2.390,-1.379,-11.318,-18.286
582.0,582,590,-21.847,-31.058,-41.803,-49.915,-24.742,-29.474,-31.758,-33.174,2.895,-1.584,-10.044,-16.741
583.0,583,591,-23.037,-32.132,-41.539,-49.491,-25.673,-29.719,-31.658,-34.347,2.635,-2.412,-9.881,-15.143
584.0,584,592,-24.402,-31.685,-37.998,-49.509,-27.095,-31.102,-33.259,-35.582,2.693,-0.583,-4.739,-13.927
585.0,585,593,-21.341,-29.773,-38.496,-49.804,-27.024,-30.468,-32.950,-35.647,5.683,0.695,-5.546,-14.157
586.0,586,594,-24.809,-32.104,-46.793,-53.445,-27.280,-31.304,-34.309,-35.672,2.471,-0.800,-12.484,-17.773
587.0,587,595,-23.637,-30.465,-40.776,-48.809,-25.556,-29.759,-32.614,-34.141,1.919,-0.706,-8.162,-14.668
588.0,588,596,-22.883,-29.606,-40.302,-48.506,-22.031,-27.298,-31.229,-30.385,-0.851,-2.308,-9.073,-18.121
589.0,589,597,-23.113,-28.937,-36.733,-49.592,-26.601,-30.429,-34.059,-35.014,3.488,1.492,-2.674,-14.578
590.0,590,598,-21.584,-30.022,-39.522,-49.086,-24.063,-29.228,-32.281,-32.434,2.479,-0.794,-7.241,-16.652
591.0,591,599,-20.215,-29.966,-42.782,-51.199,-24.585,-29.299,-31.275,-33.069,4.371,-0.667,-11.507,-18.130
592.0,592,600,-22.968,-31.179,-41.961,-51.158,-26.427,-29.758,-33.091,-34.851,3.459,-1.420,-8.870,-16.307
593.0,593,601,-23.800,-31.491,-44.079,-52.109,-25.375,-30.107,-31.547,-33.899,1.575,-1.385,-12.531,-18.210
594.0,594,602,-22.426,-31.117,-42.816,-49.917,-26.684,-31.062,-32.166,-35.137,4.258,-0.055,-10.650,-14.780
595.0,595,603,-22.188,-30.650,-43.269,-49.957,-26.188,-29.506,-31.847,-34.680,4.001,-1.144,-11.422,-15.277
596.0,596,604,-24.603,-34.280,-46.376,-54.855,-27.648,-32.171,-34.819,-36.082,3.046,-2.109,-11.557,-18.772
597.0,597,605,-22.493,-32.716,-45.201,-53.197,-25.907,-29.745,-31.254,-34.458,3.413,-2.971,-13.947,-18.739
598.0,598,606,-22.615,-31.051,-41.287,-48.629,-23.149,-28.968,-30.707,-31.519,0.534,-2.083,-10.580,-17.110
599.0,599,607,-21.718,-28.432,-34.936,-47.758,-24.062,-29.664,-31.644,-32.469,2.344,1.232,-3.293,-15.289
600.0,600,608,-19.156,-28.557,-39.438,-48.579,-24.531,-28.656,-31.280,-32.848,5.375,0.099,-8.158,-15.731
601.0,601,609,-21.459,-30.002,-42.981,-50.415,-24.837,-29.023,-31.741,-33.286,3.378,-0.980,-11.240,-17.128
602.0,602,610,-20.128,-27.849,-37.417,-46.251,-23.512,-26.760,-30.636,-31.760,3.384,-1.089,-6.781,-14.491
603.0,603,611,-17.800,-27.204,-36.854,-44.615,-20.601,-26.374,-28.003,-28.993,2.801,-0.830,-8.852,-15.622
604.0,604,612,-18.480,-26.609,-34.982,-45.070,-20.100,-25.685,-27.951,-28.432,1.620,-0.925,-7.031,-16.638
605.0,605,613,-19.707,-29.076,-37.957,-48.812,-23.224,-27.823,-30.093,-31.706,3.517,-1.253,-7.863,-17.106
606.0,606,614,-17.823,-27.445,-40.551,-47.247,-22.260,-26.815,-29.055,-30.689,4.436,-0.630,-11.496,-16.558
607.0,607,615,-17.099,-25.677,-33.894,-45.683,-20.066,-26.296,-28.725,-28.415,2.967,0.619,-5.169,-17.268
608.0,608,616,-20.875,-28.384,-35.837,-43.713,-23.044,-27.136,-29.317,-31.339,2.169,-1.248,-6.520,-12.374
609.0,609,617,-20.000,-29.106,-40.237,-47.128,-22.575,-27.287,-28.833,-31.044,2.575,-1.819,-11.404,-16.084
610.0,610,618,-21.386,-29.613,-36.879,-43.908,-25.312,-29.306,-31.064,-33.682,3.926,-0.307,-5.815,-10.226
611.0,611,619,-24.527,-31.283,-37.452,-45.484,-24.499,-28.839,-31.221,-32.839,-0.028,-2.444,-6.231,-12.646
612.0,612,620,-22.498,-30.199,-39.790,-49.321,-25.381,-29.839,-32.906,-33.736,2.882,-0.361,-6.885,-15.584
613.0,613,621,-24.227,-31.708,-43.754,-54.638,-26.517,-30.761,-30.904,-35.148,2.291,-0.947,-12.849,-19.489
614.0,614,622,-24.000,-33.260,-47.913,-57.163,-29.100,-32.314,-35.101,-37.575,5.101,-0.947,-12.812,-19.588
615.0,615,623,-31.950,-39.544,-55.060,-64.299,-37.448,-39.592,-42.852,-46.054,5.498,0.048,-12.208,-18.245
616.0,616,624,-25.443,-36.360,-49.724,-57.362,-28.494,-32.402,-35.290,-37.016,3.051,-3.958,-14.433,-20.346
617.0,617,625,-25.473,-32.412,-46.048,-53.037,-30.648,-32.716,-35.961,-39.144,5.175,0.304,-10.087,-13.893
618.0,618,626,-30.900,-39.515,-52.826,-62.744,-36.102,-39.826,-41.262,-44.643,5.201,0.311,-11.564,-18.102
619.0,619,627,-35.291,-44.821,-60.639,-70.865,-40.192,-44.501,-46.785,-48.679,4.902,-0.320,-13.855,-22.186
620.0,620,628,-36.991,-47.676,-65.669,-76.199,-43.102,-46.761,-49.878,-51.583,6.111,-0.915,-15.791,-24.617
621.0,621,629,-44.476,-53.073,-75.506,-85.467,-50.194,-53.078,-56.980,-58.651,5.718,0.005,-18.526,-26.817
622.0,622,630,-46.918,-57.451,-78.758,-87.668,-53.195,-58.096,-59.778,-61.667,6.277,0.645,-18.980,-26.001
623.0,623,631,-33.398,-38.762,-53.659,-59.664,-36.726,-36.321,-42.572,-45.293,3.329,-2.440,-11.087,-14.371
624.0,624,632,-29.465,-35.306,-50.507,-56.212,-32.892,-34.243,-38.913,-41.401,3.427,-1.063,-11.594,-14.811
625.0,625,633,-32.176,-39.578,-55.914,-62.580,-37.846,-40.672,-44.250,-46.311,5.670,1.094,-11.664,-16.269
626.0,626,634,-44.025,-49.667,-68.223,-77.468,-53.222,-56.068,-60.750,-61.704,9.197,6.400,-7.472,-15.764
627.0,627,635,-33.906,-44.589,-62.601,-70.369,-37.260,-42.814,-43.849,-45.792,3.354,-1.776,-18.752,-24.577
628.0,628,636,-31.135,-42.650,-61.751,-72.470,-36.874,-41.433,-43.408,-45.396,5.738,-1.218,-18.343,-27.075
629.0,629,637,-39.042,-49.683,-67.383,-83.025,-45.618,-50.531,-53.035,-54.065,6.576,0.848,-14.348,-28.960
630.0,630,638,-61.013,-70.921,-84.785,-88.995,-51.492,-55.436,-58.436,-59.881,-9.521,-15.485,-26.349,-29.115
631.0,631,639,-32.675,-42.619,-57.661,-65.938,-36.894,-39.814,-43.345,-45.288,4.219,-2.805,-14.316,-20.649
632.0,632,640,-29.351,-39.083,-55.036,-65.689,-34.313,-37.704,-41.098,-42.779,4.962,-1.378,-13.937,-22.909
633.0,633,641,-27.123,-36.721,-53.578,-65.099,-31.683,-35.681,-38.424,-40.173,4.560,-1.041,-15.154,-24.926
634.0,634,642,-26.225,-36.390,-52.794,-63.761,-30.608,-35.421,-37.120,-39.110,4.383,-0.969,-15.674,-24.651
635.0,635,643,-27.204,-38.493,-53.521,-65.188,-32.190,-36.532,-38.750,-40.674,4.986,-1.961,-14.771,-24.514
636.0,636,644,-27.034,-35.911,-52.336,-61.988,-30.083,-34.224,-37.605,-38.513,3.050,-1.687,-14.731,-23.475
637.0,637,645,-27.626,-37.765,-54.426,-64.917,-32.775,-37.388,-39.992,-41.261,5.150,-0.377,-14.434,-23.656
638.0,638,646,-31.060,-40.801,-57.454,-67.230,-36.711,-39.891,-43.627,-45.177,5.651,-0.910,-13.827,-22.053
639.0,639,647,-32.267,-41.864,-59.354,-70.714,-36.980,-40.947,-43.779,-45.433,4.713,-0.917,-15.574,-25.281
640.0,640,648,-31.257,-42.642,-60.850,-75.673,-37.040,-41.840,-44.542,-45.456,5.783,-0.802,-16.308,-30.217
641.0,641,649,-30.360,-38.488,-55.609,-65.229,-32.938,-37.293,-40.762,-41.322,2.578,-1.195,-14.847,-23.907
642.0,642,650,-30.918,-36.666,-43.535,-59.707,-29.877,-37.208,-39.557,-38.150,-1.041,0.543,-3.977,-21.556
643.0,643,651,-41.676,-45.810,-51.816,-65.158,-38.525,-45.349,-48.796,-46.921,-3.151,-0.461,-3.020,-18.238
644.0,644,652,-48.095,-54.294,-57.646,-70.100,-55.233,-55.597,-61.627,-63.857,7.138,1.303,3.981,-6.243
645.0,645,653,-61.611,-69.343,-73.399,-85.239,-61.499,-66.406,-71.865,-69.873,-0.112,-2.937,-1.534,-15.366
646.0,646,654,-63.493,-78.182,-86.723,-89.201,-70.560,-68.370,-77.474,-78.849,7.067,-9.812,-9.250,-10.352
647.0,647,655,-64.501,-79.445,-87.639,-89.205,-72.206,-69.352,-79.020,-80.438,7.704,-10.093,-8.619,-8.767
648.0,648,656,-49.481,-55.894,-67.704,-84.728,-53.845,-53.563,-52.792,-62.640,4.364,-2.330,-14.912,-22.088
649.0,649,657,-36.778,-43.550,-58.985,-72.650,-38.676,-41.510,-43.015,-47.266,1.898,-2.041,-15.970,-25.384
650.0,650,658,-36.010,-44.704,-59.741,-76.675,-37.674,-42.469,-43.696,-46.122,1.664,-2.234,-16.045,-30.553
651.0,651,659,-30.884,-41.095,-57.503,-69.097,-33.189,-38.649,-38.934,-41.732,2.305,-2.446,-18.569,-27.365
652.0,652,660,-31.612,-40.525,-56.042,-66.455,-37.288,-42.208,-43.214,-45.725,5.676,1.683,-12.828,-20.730
653.0,653,661,-34.485,-43.627,-58.263,-69.417,-35.426,-39.640,-42.742,-43.855,0.942,-3.987,-15.521,-25.562
654.0,654,662,-30.370,-38.047,-51.852,-61.830,-31.806,-35.382,-38.250,-40.286,1.436,-2.664,-13.602,-21.544
655.0,655,663,-28.810,-35.310,-49.616,-58.607,-28.570,-33.831,-36.232,-36.936,-0.240,-1.479,-13.384,-21.671
656.0,656,664,-24.356,-33.515,-49.440,-57.348,-28.568,-33.777,-35.691,-36.954,4.213,0.262,-13.749,-20.393
657.0,657,665,-28.049,-35.326,-52.116,-59.392,-33.927,-36.702,-40.376,-42.360,5.878,1.376,-11.740,-17.032
658.0,658,666,-26.617,-35.674,-52.195,-60.451,-29.156,-33.254,-36.097,-37.620,2.539,-2.420,-16.097,-22.831
659.0,659,667,-25.340,-35.730,-51.099,-60.246,-30.254,-35.642,-37.529,-38.704,4.914,-0.087,-13.571,-21.542
660.0,660,668,-28.336,-37.579,-52.202,-62.763,-32.612,-36.731,-39.336,-41.068,4.276,-0.848,-12.866,-21.695
661.0,661,669,-29.679,-39.367,-54.553,-65.671,-35.908,-39.528,-42.655,-44.377,6.229,0.161,-11.897,-21.294
662.0,662,670,-30.057,-39.578,-54.736,-64.015,-31.883,-35.980,-39.049,-40.353,1.826,-3.598,-15.686,-23.662
663.0,663,671,-25.581,-36.720,-49.976,-58.074,-29.638,-34.201,-36.805,-38.143,4.057,-2.519,-13.172,-19.931
664.0,664,672,-21.794,-31.478,-44.877,-51.515,-24.619,-28.933,-30.931,-33.096,2.825,-2.546,-13.945,-18.419
665.0,665,673,-23.102,-31.643,-45.890,-51.945,-30.006,-34.324,-36.107,-38.470,6.904,2.681,-9.783,-13.475
666.0,666,674,-27.085,-37.157,-51.810,-59.920,-31.983,-35.607,-38.858,-40.445,4.898,-1.550,-12.952,-19.475
667.0,667,675,-26.927,-37.353,-50.782,-59.989,-30.396,-35.423,-37.000,-38.848,3.469,-1.930,-13.782,-21.142
668.0,668,676,-24.640,-34.160,-48.837,-57.726,-27.449,-32.177,-34.841,-35.858,2.809,-1.983,-13.996,-21.868
669.0,669,677,-23.574,-32.936,-47.546,-56.484,-26.959,-31.832,-34.972,-35.364,3.385,-1.104,-12.574,-21.120
670.0,670,678,-22.825,-31.049,-46.140,-54.745,-25.143,-30.032,-32.966,-33.520,2.318,-1.017,-13.173,-21.225
671.0,671,679,-23.648,-31.934,-46.291,-53.181,-27.227,-31.158,-34.427,-35.650,3.579,-0.777,-11.864,-17.531
672.0,672,680,-23.920,-32.332,-44.799,-52.550,-25.714,-30.822,-32.617,-34.138,1.794,-1.510,-12.182,-18.413
673.0,673,681,-21.845,-30.345,-42.636,-50.705,-24.926,-28.768,-30.339,-33.418,3.080,-1.577,-12.296,-17.287
674.0,674,682,-22.829,-31.028,-43.049,-50.975,-25.012,-29.700,-31.488,-33.484,2.183,-1.328,-11.561,-17.491
675.0,675,683,-21.677,-31.562,-45.581,-53.653,-24.625,-29.567,-31.476,-33.084,2.948,-1.995,-14.105,-20.570
676.0,676,684,-18.738,-28.317,-41.905,-49.646,-22.741,-27.712,-29.708,-31.171,4.003,-0.605,-12.198,-18.475
677.0,677,685,-18.921,-28.651,-40.712,-47.194,-21.481,-26.541,-28.500,-29.948,2.560,-2.110,-12.212,-17.246
678.0,678,686,-18.792,-28.501,-40.570,-48.129,-23.637,-27.945,-30.505,-32.106,4.846,-0.556,-10.065,-16.023
679.0,679,687,-24.669,-34.056,-44.208,-56.549,-28.470,-33.638,-35.917,-36.874,3.801,-0.417,-8.291,-19.675
680.0,680,688,-27.918,-37.088,-44.951,-59.050,-30.981,-35.624,-38.345,-39.390,3.062,-1.464,-6.606,-19.660
681.0,681,689,-26.446,-36.848,-51.311,-61.150,-30.180,-35.339,-37.636,-38.541,3.734,-1.509,-13.674,-22.608
682.0,682,690,-25.777,-35.276,-48.454,-57.816,-28.488,-32.896,-34.424,-36.916,2.711,-2.380,-14.030,-20.901
683.0,683,691,-22.661,-31.762,-44.075,-52.978,-25.361,-30.405,-31.119,-33.895,2.700,-1.358,-12.955,-19.083
684.0,684,692,-20.946,-30.731,-44.536,-53.160,-24.349,-29.736,-31.062,-32.816,3.403,-0.995,-13.474,-20.344
685.0,685,693,-21.615,-32.307,-49.605,-58.555,-27.447,-32.803,-34.113,-35.866,5.832,0.496,-15.492,-22.689
686.0,686,694,-25.090,-34.373,-45.866,-54.436,-27.645,-31.580,-33.357,-36.136,2.555,-2.793,-12.509,-18.300
687.0,687,695,-21.149,-29.741,-42.533,-50.226,-22.827,-27.681,-29.900,-31.263,1.678,-2.060,-12.632,-18.963
688.0,688,696,-18.152,-26.760,-39.696,-46.779,-21.070,-25.803,-27.940,-29.469,2.918,-0.957,-11.756,-17.311
689.0,689,697,-17.922,-26.808,-39.085,-45.988,-21.135,-25.460,-27.991,-29.536,3.213,-1.348,-11.094,-16.452
690.0,690,698,-17.437,-26.527,-38.780,-45.761,-21.195,-25.663,-28.218,-29.634,3.758,-0.864,-10.562,-16.127
691.0,691,699,-18.720,-26.809,-38.502,-45.858,-19.965,-24.975,-27.661,-28.346,1.245,-1.834,-10.841,-17.512
692.0,692,700,-19.563,-26.113,-34.085,-43.627,-20.097,-25.070,-28.320,-28.439,0.534,-1.043,-5.765,-15.188
693.0,693,701,-20.486,-26.459,-32.895,-44.510,-20.429,-25.682,-27.290,-28.879,-0.057,-0.777,-5.605,-15.631
694.0,694,702,-21.658,-27.065,-29.952,-38.857,-20.417,-24.512,-26.698,-29.161,-1.241,-2.553,-3.253,-9.696
695.0,695,703,-20.879,-26.481,-30.198,-38.381,-20.660,-25.308,-27.565,-29.029,-0.219,-1.173,-2.633,-9.352
696.0,696,704,-15.605,-24.447,-36.869,-44.176,-17.996,-23.302,-25.000,-26.440,2.391,-1.145,-11.869,-17.736
697.0,697,705,-15.652,-26.108,-37.757,-43.819,-20.490,-25.492,-27.468,-28.928,4.838,-0.616,-10.288,-14.891
698.0,698,706,-13.201,-23.222,-37.735,-43.313,-17.851,-23.088,-24.565,-26.274,4.650,-0.134,-13.171,-17.039
699.0,699,707,-13.868,-23.940,-36.509,-42.018,-18.172,-22.542,-24.953,-26.611,4.304,-1.398,-11.556,-15.406
700.0,700,708,-12.958,-22.498,-36.346,-41.987,-17.775,-22.013,-24.363,-26.195,4.817,-0.485,-11.983,-15.792
701.0,701,709,-15.236,-24.724,-37.992,-43.410,-20.546,-24.303,-27.100,-28.993,5.311,-0.421,-10.892,-14.418
702.0,702,710,-18.195,-26.593,-37.258,-43.476,-19.491,-24.836,-25.717,-27.951,1.296,-1.757,-11.541,-15.524
703.0,703,711,-19.420,-25.982,-38.444,-44.525,-23.978,-27.103,-30.240,-32.463,4.558,1.121,-8.204,-12.062
704.0,704,712,-28.310,-33.359,-46.407,-50.873,-28.470,-31.080,-34.719,-36.985,0.160,-2.279,-11.687,-13.888
705.0,705,713,-22.478,-31.608,-45.761,-50.685,-27.939,-32.194,-34.505,-36.463,5.461,0.586,-11.257,-14.222
706.0,706,714,-25.402,-34.527,-45.304,-53.667,-26.200,-32.536,-35.321,-34.470,0.798,-1.991,-9.983,-19.198
707.0,707,715,-23.640,-32.448,-43.993,-51.710,-29.014,-32.271,-36.197,-37.300,5.374,-0.177,-7.796,-14.411
708.0,708,716,-27.199,-35.285,-47.288,-54.846,-32.078,-35.132,-39.160,-40.495,4.879,-0.153,-8.128,-14.351
709.0,709,717,-30.264,-37.038,-50.700,-58.872,-32.770,-36.448,-39.960,-41.248,2.506,-0.589,-10.739,-17.624
710.0,710,718,-27.272,-34.402,-48.484,-55.659,-27.323,-33.077,-36.905,-35.645,0.050,-1.325,-11.580,-20.014
711.0,711,719,-27.606,-35.269,-51.738,-59.212,-31.222,-36.593,-38.286,-39.612,3.616,1.324,-13.452,-19.600
712.0,712,720,-30.364,-38.828,-53.955,-60.436,-28.489,-37.492,-36.222,-36.778,-1.875,-1.336,-17.733,-23.658
713.0,713,721,-29.243,-37.451,-53.406,-61.657,-32.908,-39.758,-40.301,-41.256,3.665,2.307,-13.105,-20.401
714.0,714,722,-29.331,-38.295,-55.530,-62.329,-31.462,-36.492,-37.546,-39.929,2.131,-1.804,-17.984,-22.400
715.0,715,723,-29.404,-36.804,-51.584,-59.720,-32.370,-36.078,-38.364,-40.850,2.966,-0.725,-13.220,-18.869
716.0,716,724,-27.974,-36.687,-51.572,-60.056,-31.217,-35.842,-38.299,-39.681,3.243,-0.845,-13.274,-20.375
717.0,717,725,-27.229,-37.211,-52.337,-62.588,-31.049,-36.281,-38.459,-39.477,3.820,-0.930,-13.878,-23.111
718.0,718,726,-25.734,-34.635,-50.165,-56.546,-27.686,-34.241,-34.476,-36.080,1.951,-0.394,-15.689,-20.466
719.0,719,727,-27.568,-36.746,-51.893,-59.874,-30.546,-35.341,-36.665,-39.004,2.979,-1.404,-15.227,-20.871
720.0,720,728,-29.112,-35.360,-48.210,-57.839,-30.828,-35.403,-39.300,-39.092,1.717,0.043,-8.910,-18.746
721.0,721,729,-32.315,-38.789,-50.389,-62.371,-33.581,-37.620,-41.527,-41.906,1.265,-1.169,-8.862,-20.465
722.0,722,730,-30.076,-37.157,-53.166,-61.768,-31.782,-37.763,-38.143,-40.134,1.706,0.606,-15.023,-21.634
723.0,723,731,-33.101,-40.604,-56.669,-65.977,-34.382,-39.886,-41.425,-42.733,1.282,-0.718,-15.244,-23.244
724.0,724,732,-33.117,-39.604,-57.661,-67.832,-39.413,-41.030,-44.706,-47.886,6.296,1.425,-12.955,-19.946
725.0,725,733,-32.204,-42.037,-58.268,-69.947,-34.536,-39.324,-39.971,-43.036,2.332,-2.713,-18.297,-26.911
726.0,726,734,-33.277,-40.472,-55.269,-66.737,-36.340,-39.576,-42.171,-44.726,3.063,-0.896,-13.097,-22.011
727.0,727,735,-31.804,-38.457,-52.935,-63.225,-32.019,-36.899,-38.867,-40.464,0.215,-1.558,-14.067,-22.761
728.0,728,736,-32.580,-39.831,-54.461,-65.406,-34.365,-39.474,-42.191,-42.735,1.785,-0.357,-12.271,-22.670
729.0,729,737,-29.052,-37.438,-55.714,-65.689,-31.556,-36.705,-39.369,-39.928,2.504,-0.733,-16.345,-25.761
730.0,730,738,-30.001,-38.001,-54.315,-62.735,-30.610,-36.475,-38.245,-38.969,0.609,-1.526,-16.069,-23.766
731.0,731,739,-25.787,-35.609,-52.358,-60.940,-30.051,-35.480,-36.664,-38.464,4.264,-0.129,-15.694,-22.476
732.0,732,740,-27.727,-36.931,-52.355,-60.002,-30.087,-35.106,-36.768,-38.538,2.361,-1.825,-15.586,-21.464
733.0,733,741,-25.050,-33.858,-47.655,-57.314,-27.669,-33.351,-35.464,-36.049,2.619,-0.507,-12.191,-21.264
734.0,734,742,-29.710,-36.435,-49.807,-59.165,-29.999,-33.076,-34.658,-38.612,0.289,-3.359,-15.149,-20.554
735.0,735,743,-25.340,-32.195,-44.720,-55.105,-28.604,-32.324,-34.116,-37.143,3.264,0.128,-10.604,-17.962
736.0,736,744,-29.050,-35.265,-49.142,-59.013,-29.572,-34.675,-36.884,-37.936,0.522,-0.590,-12.258,-21.077
737.0,737,745,-25.933,-33.224,-47.486,-55.803,-28.182,-31.944,-35.133,-36.603,2.249,-1.280,-12.353,-19.200
738.0,738,746,-20.995,-29.689,-45.044,-52.565,-23.440,-28.847,-31.410,-31.814,2.445,-0.842,-13.634,-20.751
739.0,739,747,-23.204,-32.130,-48.646,-56.742,-27.937,-33.459,-35.214,-36.313,4.734,1.329,-13.431,-20.429
740.0,740,748,-27.253,-35.854,-52.081,-59.019,-30.390,-35.796,-37.082,-38.800,3.137,-0.058,-14.999,-20.219
741.0,741,749,-29.457,-38.161,-55.760,-65.584,-32.949,-37.315,-39.713,-41.385,3.492,-0.846,-16.047,-24.199
742.0,742,750,-31.231,-40.558,-59.448,-71.316,-35.917,-40.490,-42.541,-44.369,4.686,-0.068,-16.907,-26.947
743.0,743,751,-29.145,-38.858,-51.081,-65.032,-32.909,-38.207,-39.592,-41.381,3.765,-0.651,-11.489,-23.651
744.0,744,752,-33.964,-42.089,-56.822,-70.468,-35.536,-40.730,-43.080,-43.938,1.572,-1.359,-13.742,-26.530
745.0,745,753,-30.058,-39.052,-51.357,-66.737,-32.207,-37.129,-39.314,-40.576,2.149,-1.923,-12.043,-26.161
746.0,746,754,-28.496,-36.200,-52.137,-63.025,-31.378,-34.866,-38.468,-39.790,2.882,-1.334,-13.669,-23.234
747.0,747,755,-30.408,-39.113,-56.873,-66.685,-34.715,-38.890,-41.247,-43.184,4.307,-0.223,-15.625,-23.501
748.0,748,756,-29.233,-38.629,-54.087,-65.857,-32.824,-36.907,-39.618,-41.263,3.591,-1.722,-14.469,-24.594
749.0,749,757,-27.321,-35.786,-50.372,-58.982,-29.868,-34.284,-36.899,-38.306,2.548,-1.502,-13.473,-20.676
750.0,750,758,-26.676,-36.121,-50.451,-61.771,-31.876,-35.930,-38.838,-40.355,5.200,-0.191,-11.612,-21.416
751.0,751,759,-32.127,-38.933,-49.384,-63.907,-33.197,-37.711,-38.404,-41.793,1.070,-1.222,-10.980,-22.115
752.0,752,760,-32.818,-37.477,-43.449,-54.760,-30.929,-35.965,-38.776,-39.510,-1.889,-1.513,-4.673,-15.250
753.0,753,761,-30.290,-36.160,-43.472,-55.133,-31.315,-35.832,-36.576,-39.849,1.026,-0.328,-6.896,-15.284
754.0,754,762,-34.132,-40.258,-49.217,-64.371,-34.836,-38.534,-40.945,-43.463,0.704,-1.723,-8.272,-20.908
755.0,755,763,-34.220,-40.164,-54.563,-68.172,-34.767,-39.123,-42.346,-43.074,0.546,-1.041,-12.217,-25.097
756.0,756,764,-31.586,-38.666,-52.679,-63.281,-30.810,-34.958,-37.891,-39.244,-0.776,-3.708,-14.787,-24.037
757.0,757,765,-25.327,-34.451,-49.067,-57.063,-28.884,-33.888,-35.184,-37.290,3.557,-0.563,-13.883,-19.774
758.0,758,766,-25.543,-32.982,-46.437,-54.295,-26.913,-31.533,-34.250,-35.330,1.370,-1.449,-12.186,-18.965
759.0,759,767,-23.213,-33.513,-45.416,-53.533,-26.308,-32.276,-33.674,-34.688,3.095,-1.237,-11.742,-18.845
760.0,760,768,-25.328,-32.349,-46.320,-53.723,-28.861,-32.192,-35.699,-37.355,3.532,-0.157,-10.621,-16.368
761.0,761,769,-23.791,-31.728,-45.770,-52.842,-25.388,-30.278,-32.328,-33.808,1.597,-1.450,-13.442,-19.034
762.0,762,770,-23.986,-31.856,-46.157,-53.152,-26.045,-30.961,-32.786,-34.493,2.059,-0.895,-13.371,-18.659
763.0,763,771,-21.764,-30.742,-43.337,-50.843,-24.092,-29.667,-31.004,-32.505,2.328,-1.075,-12.333,-18.337
764.0,764,772,-20.678,-29.004,-40.853,-48.740,-23.220,-28.481,-30.314,-31.657,2.542,-0.523,-10.539,-17.083
765.0,765,773,-22.447,-29.452,-41.515,-48.100,-23.767,-28.708,-30.829,-32.189,1.320,-0.744,-10.686,-15.911
766.0,766,774,-23.691,-30.288,-41.421,-48.475,-23.940,-28.502,-29.940,-32.344,0.249,-1.786,-11.481,-16.131
767.0,767,775,-23.572,-30.505,-41.093,-47.933,-25.767,-29.634,-30.777,-34.297,2.196,-0.871,-10.316,-13.636
768.0,768,776,-23.883,-32.219,-43.747,-50.725,-26.071,-30.575,-32.824,-34.507,2.188,-1.644,-10.923,-16.219
769.0,769,777,-22.261,-31.058,-42.843,-51.024,-26.428,-30.318,-32.949,-34.932,4.168,-0.740,-9.893,-16.092
770.0,770,778,-23.139,-30.476,-45.146,-52.537,-25.587,-29.684,-32.904,-34.004,2.449,-0.792,-12.243,-18.533
771.0,771,779,-23.427,-32.239,-45.295,-52.827,-24.666,-31.716,-32.132,-32.994,1.239,-0.523,-13.163,-19.832
772.0,772,780,-21.804,-30.824,-46.706,-54.306,-26.050,-30.849,-32.851,-34.501,4.246,0.025,-13.855,-19.804
773.0,773,781,-24.155,-34.642,-49.369,-57.645,-28.591,-33.407,-35.379,-37.068,4.436,-1.235,-13.990,-20.577
774.0,774,782,-22.774,-32.473,-45.932,-53.274,-26.213,-30.808,-33.392,-34.655,3.439,-1.665,-12.540,-18.619
775.0,775,783,-23.266,-33.593,-44.032,-50.869,-28.969,-33.382,-36.531,-37.352,5.703,-0.211,-7.502,-13.517
776.0,776,784,-26.302,-35.161,-49.086,-56.952,-27.445,-32.897,-34.713,-35.872,1.142,-2.263,-14.373,-21.080
777.0,777,785,-22.764,-31.739,-44.256,-50.462,-26.830,-31.219,-33.866,-35.279,4.066,-0.520,-10.391,-15.183
778.0,778,786,-26.038,-35.765,-49.836,-58.164,-30.372,-34.448,-37.679,-38.779,4.333,-1.318,-12.157,-19.386
779.0,779,787,-23.932,-33.876,-47.253,-55.419,-27.146,-32.373,-34.009,-35.571,3.214,-1.504,-13.244,-19.848
780.0,780,788,-21.611,-31.635,-46.588,-53.273,-25.642,-30.388,-32.410,-34.101,4.031,-1.247,-14.178,-19.172
781.0,781,789,-23.389,-33.352,-47.354,-54.692,-28.926,-32.905,-35.494,-37.443,5.537,-0.447,-11.860,-17.249
782.0,782,790,-24.707,-32.359,-42.802,-48.680,-25.726,-30.252,-32.948,-34.376,1.019,-2.107,-9.854,-14.304
783.0,783,791,-22.507,-30.905,-44.106,-50.786,-25.182,-29.715,-32.944,-33.571,2.675,-1.190,-11.162,-17.214
784.0,784,792,-22.449,-31.794,-45.352,-52.439,-25.859,-31.139,-33.026,-34.242,3.410,-0.655,-12.326,-18.197
785.0,785,793,-21.984,-30.851,-43.908,-50.664,-25.319,-29.064,-31.482,-33.825,3.334,-1.787,-12.426,-16.839
786.0,786,794,-21.856,-29.448,-41.873,-48.810,-26.846,-29.879,-32.652,-35.297,4.990,0.431,-9.222,-13.512
787.0,787,795,-22.997,-31.737,-43.769,-51.926,-23.367,-28.850,-31.157,-31.742,0.371,-2.888,-12.612,-20.184
788.0,788,796,-18.764,-27.755,-40.662,-47.823,-23.227,-27.116,-29.452,-31.665,4.463,-0.639,-11.210,-16.158
789.0,789,797,-18.956,-28.686,-38.489,-47.528,-21.214,-26.397,-28.454,-29.559,2.258,-2.289,-10.036,-17.969
790.0,790,798,-20.124,-28.186,-36.935,-45.462,-22.617,-27.029,-27.884,-31.180,2.494,-1.157,-9.051,-14.282
791.0,791,799,-19.467,-27.171,-32.618,-40.592,-20.494,-25.410,-27.126,-29.252,1.027,-1.761,-5.492,-11.341
792.0,792,800,-17.923,-26.617,-33.771,-43.787,-21.434,-25.716,-28.026,-29.935,3.511,-0.901,-5.745,-13.852
793.0,793,801,-17.680,-26.121,-34.091,-43.228,-20.408,-25.042,-27.634,-28.882,2.728,-1.078,-6.456,-14.346
794.0,794,802,-17.083,-26.811,-36.807,-45.578,-19.515,-24.874,-26.933,-27.833,2.431,-1.937,-9.874,-17.745
795.0,795,803,-17.843,-26.469,-35.985,-45.493,-21.038,-25.757,-27.915,-29.447,3.196,-0.712,-8.069,-16.046
796.0,796,804,-18.566,-27.282,-38.818,-45.088,-21.695,-26.368,-27.875,-30.133,3.129,-0.914,-10.943,-14.955
797.0,797,805,-21.576,-29.438,-41.837,-48.968,-24.903,-29.116,-31.235,-33.365,3.327,-0.322,-10.602,-15.603
798.0,798,806,-25.419,-33.583,-46.279,-54.060,-26.930,-32.038,-35.223,-35.275,1.510,-1.546,-11.056,-18.785
799.0,799,807,-23.411,-32.229,-47.217,-55.331,-26.579,-31.852,-33.570,-35.021,3.168,-0.377,-13.646,-20.310
800.0,800,808,-23.692,-31.105,-44.448,-52.039,-23.824,-29.177,-32.724,-32.159,0.132,-1.927,-11.724,-19.880
801.0,801,809,-20.169,-29.657,-45.521,-52.844,-23.036,-28.433,-29.880,-31.490,2.867,-1.225,-15.640,-21.354
802.0,802,810,-17.141,-27.233,-40.095,-46.711,-21.450,-26.669,-28.280,-29.901,4.309,-0.563,-11.815,-16.810
803.0,803,811,-18.333,-28.589,-43.521,-50.135,-21.880,-27.516,-28.773,-30.345,3.547,-1.073,-14.748,-19.790
804.0,804,812,-19.216,-29.959,-43.082,-49.305,-24.166,-29.802,-31.021,-32.618,4.950,-0.156,-12.061,-16.687
805.0,805,813,-25.168,-32.946,-45.794,-53.110,-27.641,-31.576,-34.420,-36.127,2.472,-1.370,-11.375,-16.983
806.0,806,814,-21.439,-31.989,-45.836,-52.900,-25.488,-30.409,-32.243,-33.960,4.050,-1.580,-13.593,-18.940
807.0,807,815,-23.329,-32.786,-48.412,-55.545,-27.814,-32.092,-34.395,-36.269,4.485,-0.694,-14.017,-19.276
808.0,808,816,-22.678,-31.365,-44.880,-52.689,-26.536,-30.715,-33.073,-35.033,3.858,-0.650,-11.806,-17.656
809.0,809,817,-24.354,-33.528,-49.021,-56.933,-30.285,-33.167,-37.070,-38.792,5.931,-0.361,-11.951,-18.141
810.0,810,818,-29.400,-36.113,-51.573,-59.706,-33.389,-35.604,-40.018,-41.877,3.989,-0.509,-11.555,-17.829
811.0,811,819,-28.876,-38.650,-54.895,-64.817,-33.186,-38.545,-39.753,-41.639,4.310,-0.105,-15.142,-23.178
812.0,812,820,-33.440,-40.877,-58.765,-66.939,-35.414,-40.679,-42.134,-43.821,1.974,-0.198,-16.631,-23.118
813.0,813,821,-40.522,-50.692,-65.434,-78.027,-46.277,-51.251,-52.855,-54.766,5.755,0.559,-12.579,-23.261
814.0,814,822,-35.574,-48.060,-70.092,-86.029,-40.576,-45.816,-47.403,-49.007,5.001,-2.244,-22.688,-37.022
815.0,815,823,-37.568,-48.544,-72.019,-86.929,-44.387,-48.476,-51.408,-52.828,6.819,-0.068,-20.611,-34.101
816.0,816,824,-35.525,-47.804,-68.544,-85.752,-40.115,-46.021,-47.642,-48.540,4.590,-1.783,-20.902,-37.213
817.0,817,825,-38.828,-49.517,-69.510,-85.183,-41.207,-47.871,-49.254,-49.562,2.379,-1.646,-20.256,-35.621
818.0,818,826,-35.626,-46.029,-66.057,-82.955,-38.133,-43.292,-46.187,-46.552,2.507,-2.737,-19.870,-36.403
819.0,819,827,-30.012,-39.742,-59.470,-71.477,-35.241,-39.087,-42.321,-43.675,5.229,-0.655,-17.149,-27.802
820.0,820,828,-32.236,-41.258,-59.088,-71.160,-34.742,-40.326,-40.392,-43.269,2.506,-0.932,-18.696,-27.891
821.0,821,829,-33.271,-41.858,-54.642,-72.161,-35.389,-40.425,-40.813,-43.979,2.118,-1.434,-13.829,-28.182
822.0,822,830,-29.842,-40.125,-59.538,-74.792,-34.207,-39.354,-42.377,-42.609,4.365,-0.771,-17.161,-32.183
823.0,823,831,-31.919,-43.033,-62.823,-76.599,-34.925,-42.588,-42.578,-43.278,3.006,-0.446,-20.244,-33.322
824.0,824,832,-32.692,-40.034,-58.317,-71.621,-35.460,-38.493,-43.195,-43.869,2.768,-1.540,-15.122,-27.752
825.0,825,833,-32.349,-39.352,-57.095,-68.423,-33.966,-38.650,-42.654,-42.324,1.617,-0.702,-14.441,-26.099
826.0,826,834,-28.985,-38.201,-56.449,-67.737,-33.638,-36.894,-40.586,-42.073,4.653,-1.307,-15.863,-25.664
827.0,827,835,-25.739,-34.700,-50.193,-60.614,-28.361,-32.901,-35.474,-36.761,2.622,-1.799,-14.720,-23.852
828.0,828,836,-24.238,-32.102,-48.735,-59.787,-26.116,-31.034,-33.529,-34.504,1.877,-1.068,-15.206,-25.283
829.0,829,837,-23.852,-31.689,-44.812,-54.414,-25.951,-30.557,-32.138,-34.448,2.099,-1.132,-12.675,-19.967
830.0,830,838,-25.313,-32.855,-47.737,-55.786,-28.582,-32.020,-35.945,-37.087,3.269,-0.835,-11.791,-18.699
831.0,831,839,-25.646,-31.800,-45.998,-53.645,-27.339,-31.236,-34.054,-35.768,1.693,-0.564,-11.944,-17.877
832.0,832,840,-26.456,-34.717,-49.932,-60.250,-29.416,-33.923,-36.956,-37.858,2.960,-0.794,-12.976,-22.393
833.0,833,841,-26.844,-34.639,-50.112,-59.376,-29.011,-33.918,-37.955,-37.354,2.167,-0.722,-12.157,-22.022
834.0,834,842,-28.815,-36.595,-53.484,-64.820,-32.683,-36.600,-40.473,-41.091,3.868,0.005,-13.011,-23.729
835.0,835,843,-32.880,-40.327,-57.048,-69.902,-35.777,-40.061,-44.080,-44.234,2.896,-0.266,-12.968,-25.668
836.0,836,844,-34.374,-43.772,-61.883,-77.821,-37.825,-42.348,-45.715,-46.280,3.450,-1.424,-16.168,-31.541
837.0,837,845,-35.510,-45.229,-66.029,-82.164,-39.518,-44.086,-47.403,-47.922,4.008,-1.143,-18.626,-34.242
838.0,838,846,-36.300,-45.468,-65.040,-81.746,-39.309,-44.854,-47.333,-47.714,3.009,-0.614,-17.707,-34.032
839.0,839,847,-36.328,-46.939,-67.557,-82.189,-38.533,-44.074,-45.525,-46.987,2.206,-2.865,-22.031,-35.203
840.0,840,848,-32.733,-43.023,-62.556,-74.726,-36.315,-43.621,-43.807,-44.676,3.582,0.598,-18.749,-30.049
841.0,841,849,-32.372,-42.949,-63.602,-78.427,-36.713,-42.496,-43.583,-45.115,4.341,-0.453,-20.020,-33.312
842.0,842,850,-34.588,-43.222,-65.522,-75.794,-37.918,-42.507,-44.296,-46.359,3.330,-0.715,-21.226,-29.435
843.0,843,851,-38.412,-45.794,-66.439,-77.836,-41.196,-44.309,-47.752,-49.676,2.784,-1.484,-18.687,-28.161
844.0,844,852,-37.759,-46.453,-67.467,-80.611,-42.059,-45.219,-48.847,-50.542,4.300,-1.234,-18.620,-30.068
845.0,845,853,-30.627,-39.495,-57.823,-70.814,-34.179,-38.411,-41.848,-42.594,3.551,-1.084,-15.975,-28.220
846.0,846,854,-31.577,-41.713,-58.445,-71.006,-35.696,-39.626,-42.620,-44.152,4.119,-2.087,-15.824,-26.853
847.0,847,855,-28.345,-37.136,-55.764,-66.492,-33.197,-36.881,-39.563,-41.711,4.852,-0.256,-16.201,-24.781
848.0,848,856,-31.403,-40.904,-59.062,-70.847,-36.540,-40.414,-43.368,-45.013,5.137,-0.491,-15.694,-25.835
849.0,849,857,-32.749,-42.466,-60.306,-73.432,-36.758,-41.345,-44.108,-45.170,4.009,-1.121,-16.198,-28.262
850.0,850,858,-30.625,-39.811,-57.261,-68.503,-32.472,-37.482,-39.010,-40.904,1.846,-2.329,-18.250,-27.599
851.0,851,859,-28.500,-37.546,-53.085,-64.560,-32.724,-36.888,-39.625,-41.176,4.224,-0.659,-13.460,-23.384
852.0,852,860,-27.531,-37.357,-54.382,-65.064,-31.061,-35.799,-37.861,-39.548,3.530,-1.558,-16.521,-25.516
853.0,853,861,-29.209,-38.450,-55.457,-65.244,-33.863,-37.687,-40.829,-42.306,4.654,-0.763,-14.628,-22.938
854.0,854,862,-23.547,-32.806,-48.428,-58.997,-27.208,-31.824,-33.931,-35.643,3.661,-0.982,-14.498,-23.354
855.0,855,863,-26.927,-36.045,-52.753,-62.127,-30.615,-35.588,-37.631,-39.042,3.688,-0.457,-15.122,-23.084
856.0,856,864,-23.988,-32.841,-48.050,-55.832,-26.254,-30.892,-32.848,-34.718,2.266,-1.948,-15.202,-21.114
857.0,857,865,-20.815,-29.952,-43.438,-53.243,-23.860,-28.695,-31.073,-32.279,3.045,-1.257,-12.364,-20.964
858.0,858,866,-21.799,-29.050,-40.826,-48.970,-24.033,-28.029,-29.912,-32.482,2.234,-1.021,-10.914,-16.489
859.0,859,867,-22.414,-30.370,-44.467,-51.792,-26.446,-30.561,-33.009,-34.903,4.032,0.191,-11.458,-16.889
860.0,860,868,-26.391,-35.610,-49.813,-56.873,-30.622,-34.944,-37.302,-39.080,4.230,-0.666,-12.510,-17.793
861.0,861,869,-25.324,-34.074,-49.419,-58.582,-29.674,-34.176,-36.485,-38.108,4.350,0.102,-12.934,-20.475
862.0,862,870,-29.649,-39.590,-54.978,-63.943,-32.265,-37.116,-38.875,-40.743,2.616,-2.474,-16.103,-23.200
863.0,863,871,-23.333,-32.389,-47.139,-56.358,-27.424,-31.541,-34.599,-35.808,4.091,-0.847,-12.540,-20.550
864.0,864,872,-23.256,-31.425,-45.997,-53.162,-25.616,-30.876,-33.528,-34.002,2.360,-0.549,-12.469,-19.160
865.0,865,873,-24.153,-32.338,-46.416,-53.522,-27.140,-31.365,-33.851,-35.589,2.987,-0.973,-12.566,-17.933
866.0,866,874,-26.386,-33.377,-48.813,-56.472,-28.819,-33.621,-37.618,-37.152,2.433,0.244,-11.196,-19.320
867.0,867,875,-29.373,-37.088,-51.323,-59.531,-32.260,-36.523,-39.024,-40.651,2.887,-0.565,-12.299,-18.879
868.0,868,876,-25.827,-35.774,-50.174,-58.329,-28.496,-34.677,-36.008,-36.851,2.669,-1.097,-14.166,-21.477
869.0,869,877,-27.039,-36.074,-51.578,-58.519,-30.854,-35.321,-37.258,-39.311,3.815,-0.753,-14.319,-19.208
870.0,870,878,-24.778,-34.195,-49.703,-56.961,-27.978,-32.919,-34.677,-36.444,3.200,-1.276,-15.026,-20.517
871.0,871,879,-25.496,-34.340,-48.677,-56.476,-29.187,-33.773,-35.974,-37.645,3.690,-0.567,-12.704,-18.831
872.0,872,880,-22.636,-32.329,-46.777,-55.300,-26.397,-31.205,-33.274,-34.859,3.761,-1.124,-13.503,-20.441
873.0,873,881,-24.566,-33.874,-48.244,-56.241,-28.297,-32.118,-35.158,-36.742,3.731,-1.757,-13.086,-19.498
874.0,874,882,-23.258,-31.908,-45.528,-52.705,-28.050,-31.408,-35.233,-36.443,4.791,-0.500,-10.295,-16.262
875.0,875,883,-24.034,-32.319,-44.866,-52.982,-25.525,-30.345,-32.749,-33.975,1.490,-1.974,-12.117,-19.006
876.0,876,884,-19.836,-29.142,-42.563,-49.726,-23.555,-28.834,-30.570,-31.977,3.719,-0.308,-11.992,-17.749
877.0,877,885,-21.808,-30.351,-44.597,-51.768,-24.337,-29.062,-31.089,-32.760,2.529,-1.289,-13.508,-19.008
878.0,878,886,-19.825,-28.814,-41.750,-49.195,-22.397,-27.008,-29.310,-30.818,2.573,-1.806,-12.440,-18.377
879.0,879,887,-17.705,-26.867,-41.154,-47.151,-21.338,-26.229,-28.001,-29.767,3.633,-0.638,-13.153,-17.384
880.0,880,888,-19.532,-27.758,-40.045,-46.297,-22.800,-26.862,-28.820,-31.279,3.268,-0.896,-11.225,-15.018
881.0,881,889,-20.902,-27.489,-36.109,-46.056,-21.872,-26.938,-28.680,-30.235,0.970,-0.551,-7.428,-15.820
882.0,882,890,-21.162,-29.298,-40.987,-48.463,-23.915,-27.694,-30.715,-32.430,2.753,-1.604,-10.272,-16.033
883.0,883,891,-20.053,-28.238,-38.409,-47.192,-22.340,-26.844,-29.563,-30.733,2.287,-1.394,-8.846,-16.459
884.0,884,892,-20.461,-28.568,-37.585,-49.055,-23.047,-27.981,-30.885,-31.446,2.586,-0.587,-6.700,-17.609
885.0,885,893,-19.809,-28.560,-40.038,-47.154,-22.176,-26.988,-29.267,-30.611,2.367,-1.573,-10.771,-16.543
886.0,886,894,-18.655,-26.853,-40.239,-46.499,-21.258,-25.315,-26.811,-29.772,2.604,-1.537,-13.428,-16.727
887.0,887,895,-18.687,-26.307,-38.741,-45.834,-21.555,-25.528,-27.947,-30.015,2.868,-0.779,-10.794,-15.818
888.0,888,896,-17.640,-27.575,-40.077,-45.687,-22.407,-27.425,-29.349,-30.847,4.767,-0.150,-10.728,-14.840
889.0,889,897,-22.084,-29.521,-42.301,-48.807,-23.753,-28.753,-31.079,-32.148,1.670,-0.767,-11.223,-16.660
890.0,890,898,-25.511,-33.979,-48.133,-55.506,-28.084,-32.106,-34.572,-36.549,2.573,-1.873,-13.561,-18.957
891.0,891,899,-23.495,-31.982,-46.957,-53.541,-26.600,-31.391,-33.141,-35.057,3.105,-0.591,-13.816,-18.484
892.0,892,900,-24.568,-32.551,-44.563,-52.278,-27.723,-31.821,-34.060,-36.186,3.155,-0.730,-10.503,-16.092
893.0,893,901,-20.681,-30.029,-41.641,-50.683,-22.727,-28.707,-29.392,-31.168,2.046,-1.322,-12.249,-19.515
894.0,894,902,-22.363,-31.342,-40.048,-52.372,-26.304,-32.231,-33.502,-34.649,3.941,0.889,-6.547,-17.723
895.0,895,903,-27.850,-35.575,-45.432,-56.497,-29.622,-34.061,-36.409,-38.033,1.773,-1.514,-9.022,-18.464
896.0,896,904,-27.406,-34.517,-41.212,-53.265,-27.773,-31.922,-34.652,-36.210,0.368,-2.594,-6.560,-17.055
897.0,897,905,-18.833,-27.290,-41.349,-47.357,-21.154,-25.788,-28.146,-29.592,2.321,-1.501,-13.204,-17.765
898.0,898,906,-18.064,-27.278,-39.509,-45.396,-21.004,-25.303,-27.596,-29.466,2.940,-1.975,-11.913,-15.930
899.0,899,907,-18.990,-27.794,-41.946,-48.104,-25.196,-29.831,-31.514,-33.609,6.205,2.037,-10.432,-14.496
900.0,900,908,-24.820,-33.612,-44.099,-53.972,-27.354,-32.624,-34.240,-35.758,2.533,-0.988,-9.860,-18.214
901.0,901,909,-24.084,-31.552,-37.590,-49.777,-24.574,-29.339,-30.974,-33.193,0.490,-2.212,-6.616,-16.584
902.0,902,910,-20.527,-28.411,-36.939,-46.787,-23.864,-28.923,-31.671,-32.136,3.337,0.512,-5.269,-14.652
903.0,903,911,-21.754,-31.378,-45.012,-50.774,-25.446,-30.120,-31.941,-33.927,3.692,-1.258,-13.071,-16.847
904.0,904,912,-28.461,-35.838,-48.594,-57.304,-31.768,-34.700,-37.012,-40.227,3.308,-1.138,-11.582,-17.077
905.0,905,913,-25.571,-34.085,-48.258,-56.318,-28.331,-33.148,-35.531,-36.729,2.761,-0.937,-12.727,-19.589
906.0,906,914,-27.479,-36.281,-48.008,-59.540,-30.441,-34.457,-37.383,-38.893,2.962,-1.824,-10.625,-20.647
907.0,907,915,-24.421,-33.925,-47.661,-57.500,-28.650,-33.032,-35.169,-37.143,4.230,-0.893,-12.492,-20.357
908.0,908,916,-29.125,-37.435,-51.646,-62.418,-32.087,-36.618,-38.900,-40.530,2.962,-0.817,-12.746,-21.888
909.0,909,917,-25.947,-35.021,-47.401,-56.466,-28.251,-32.913,-34.343,-36.712,2.304,-2.108,-13.058,-19.754
910.0,910,918,-20.879,-31.086,-45.805,-53.123,-24.679,-29.806,-31.448,-33.149,3.799,-1.280,-14.357,-19.974
911.0,911,919,-22.369,-32.610,-44.603,-52.658,-26.608,-31.764,-32.861,-35.067,4.239,-0.846,-11.742,-17.590
912.0,912,920,-18.288,-28.687,-43.373,-49.840,-22.576,-27.505,-29.175,-31.073,4.287,-1.183,-14.198,-18.767
913.0,913,921,-20.786,-29.471,-41.831,-48.267,-23.941,-28.066,-30.212,-32.461,3.155,-1.404,-11.618,-15.806
914.0,914,922,-18.660,-27.733,-38.656,-47.751,-21.743,-26.882,-28.252,-30.222,3.084,-0.851,-10.404,-17.529
915.0,915,923,-18.639,-28.230,-38.723,-46.405,-22.763,-27.331,-29.269,-31.192,4.125,-0.899,-9.454,-15.212
916.0,916,924,-20.067,-28.462,-39.303,-48.113,-22.669,-27.356,-29.509,-31.117,2.602,-1.105,-9.795,-16.996
917.0,917,925,-19.199,-27.477,-38.033,-46.522,-22.622,-26.983,-28.457,-31.078,3.423,-0.494,-9.575,-15.443
918.0,918,926,-20.068,-27.930,-40.121,-47.101,-22.435,-26.986,-29.447,-30.876,2.368,-0.944,-10.674,-16.225
919.0,919,927,-18.347,-26.862,-37.492,-45.067,-20.999,-25.294,-27.629,-29.517,2.652,-1.569,-9.862,-15.549
920.0,920,928,-17.523,-26.159,-34.820,-44.228,-19.295,-24.030,-26.169,-27.760,1.772,-2.129,-8.651,-16.467
921.0,921,929,-15.248,-23.707,-33.750,-42.286,-18.662,-23.328,-25.156,-27.114,3.414,-0.379,-8.594,-15.172
922.0,922,930,-16.685,-25.673,-35.777,-43.705,-19.316,-23.667,-26.006,-27.765,2.632,-2.006,-9.771,-15.940
923.0,923,931,-14.516,-22.868,-32.291,-40.982,-17.805,-22.524,-24.384,-26.252,3.289,-0.344,-7.908,-14.730
924.0,924,932,-15.190,-24.077,-35.700,-41.309,-18.397,-22.187,-25.260,-26.862,3.207,-1.890,-10.440,-14.446
925.0,925,933,-15.752,-24.535,-30.020,-36.126,-19.391,-23.822,-26.616,-28.116,3.639,-0.713,-3.405,-8.010
926.0,926,934,-17.821,-24.916,-32.333,-41.545,-19.918,-24.081,-26.495,-28.374,2.097,-0.835,-5.838,-13.171
927.0,927,935,-14.380,-23.997,-36.192,-41.805,-17.536,-22.479,-24.271,-25.985,3.156,-1.519,-11.921,-15.820
928.0,928,936,-15.035,-23.531,-35.552,-41.348,-18.469,-22.510,-24.697,-26.930,3.434,-1.021,-10.855,-14.417
929.0,929,937,-15.596,-24.239,-35.582,-41.373,-17.976,-21.928,-24.873,-26.414,2.381,-2.311,-10.708,-14.958
930.0,930,938,-14.120,-22.537,-34.538,-40.302,-17.903,-22.303,-24.409,-26.365,3.783,-0.234,-10.128,-13.937
931.0,931,939,-15.287,-25.044,-37.139,-42.870,-18.052,-23.275,-25.481,-26.459,2.764,-1.769,-11.658,-16.411
932.0,932,940,-14.172,-22.951,-35.359,-40.864,-17.498,-22.360,-24.900,-25.901,3.326,-0.591,-10.459,-14.963
933.0,933,941,-14.050,-23.217,-34.892,-40.527,-17.702,-22.223,-24.465,-26.103,3.652,-0.994,-10.427,-14.423
934.0,934,942,-13.135,-22.168,-35.202,-40.534,-16.806,-21.016,-23.381,-25.263,3.671,-1.153,-11.821,-15.271
935.0,935,943,-14.993,-23.705,-36.105,-42.444,-16.932,-22.161,-24.571,-25.312,1.938,-1.544,-11.534,-17.132
936.0,936,944,-11.992,-21.409,-35.090,-40.892,-16.330,-20.984,-22.854,-24.739,4.338,-0.425,-12.236,-16.153
937.0,937,945,-13.639,-23.764,-34.806,-40.809,-16.495,-22.106,-23.250,-24.980,2.856,-1.658,-11.556,-15.829
938.0,938,946,-12.281,-22.344,-34.561,-40.472,-16.351,-21.283,-23.809,-24.723,4.070,-1.061,-10.752,-15.749
939.0,939,947,-12.993,-22.927,-34.493,-41.006,-16.414,-21.703,-23.274,-24.900,3.421,-1.224,-11.219,-16.105
940.0,940,948,-15.330,-23.273,-32.104,-39.991,-18.581,-22.370,-24.409,-27.209,3.251,-0.902,-7.694,-12.782
941.0,941,949,-18.217,-25.446,-30.985,-37.833,-19.939,-24.925,-27.344,-28.343,1.721,-0.521,-3.641,-9.490
942.0,942,950,-20.872,-27.161,-33.813,-37.705,-22.788,-26.846,-30.218,-31.476,1.916,-0.315,-3.596,-6.229
943.0,943,951,-33.436,-38.743,-51.257,-56.126,-37.928,-40.027,-44.858,-46.456,4.491,1.283,-6.399,-9.671
944.0,944,952,-38.412,-45.301,-60.380,-69.748,-41.335,-46.283,-49.239,-49.699,2.924,0.982,-11.141,-20.049
945.0,945,953,-48.303,-59.665,-71.314,-81.574,-60.823,-63.863,-68.223,-69.209,12.520,4.197,-3.090,-12.365
946.0,946,954,-21.436,-32.559,-44.692,-49.295,-24.640,-29.934,-31.320,-33.145,3.204,-2.624,-13.372,-16.150
947.0,947,955,-19.690,-28.603,-41.752,-48.451,-21.725,-26.953,-28.720,-30.191,2.035,-1.650,-13.033,-18.260
948.0,948,956,-18.774,-27.798,-40.389,-47.124,-21.799,-26.975,-29.036,-30.223,3.025,-0.823,-11.353,-16.901
949.0,949,957,-21.517,-30.059,-42.249,-49.381,-23.722,-29.132,-31.065,-32.109,2.205,-0.926,-11.184,-17.272
950.0,950,958,-21.413,-30.380,-43.464,-51.918,-24.918,-29.949,-31.823,-33.328,3.505,-0.431,-11.641,-18.591
951.0,951,959,-22.096,-30.556,-44.861,-53.716,-25.216,-29.648,-31.977,-33.701,3.120,-0.907,-12.884,-20.015
952.0,952,960,-20.962,-30.986,-44.605,-52.647,-24.669,-29.005,-31.282,-33.082,3.707,-1.980,-13.323,-19.565
953.0,953,961,-21.055,-29.921,-42.663,-49.768,-25.254,-29.255,-31.983,-33.685,4.199,-0.666,-10.680,-16.083
954.0,954,962,-24.079,-32.580,-45.355,-54.028,-27.607,-31.529,-34.517,-36.043,3.528,-1.050,-10.839,-17.985
955.0,955,963,-25.099,-32.753,-47.907,-57.389,-27.756,-31.637,-34.517,-36.193,2.658,-1.116,-13.390,-21.196
956.0,956,964,-24.235,-32.976,-49.990,-59.991,-28.857,-32.768,-35.715,-37.312,4.621,-0.208,-14.275,-22.679
957.0,957,965,-25.156,-36.066,-50.240,-58.222,-30.557,-34.808,-37.410,-39.029,5.401,-1.258,-12.830,-19.192
958.0,958,966,-26.246,-36.664,-52.887,-61.513,-31.965,-36.012,-38.825,-40.435,5.719,-0.653,-14.063,-21.078
959.0,959,967,-31.012,-41.574,-58.667,-67.180,-36.466,-41.800,-43.194,-44.984,5.454,0.226,-15.473,-22.196
960.0,960,968,-30.553,-39.372,-56.726,-68.858,-31.440,-36.492,-38.835,-39.853,0.888,-2.880,-17.891,-29.005
961.0,961,969,-24.858,-32.831,-48.413,-58.724,-26.194,-31.430,-33.519,-34.616,1.336,-1.401,-14.894,-24.107
962.0,962,970,-26.486,-35.281,-50.489,-61.104,-30.736,-36.121,-38.082,-39.122,4.250,0.840,-12.407,-21.981
963.0,963,971,-29.412,-38.907,-54.415,-66.056,-32.332,-37.231,-39.122,-40.759,2.920,-1.676,-15.293,-25.297
964.0,964,972,-25.320,-35.300,-50.239,-61.344,-29.102,-34.246,-35.520,-37.551,3.783,-1.055,-14.719,-23.793
965.0,965,973,-27.114,-36.757,-53.472,-65.691,-31.949,-36.713,-38.555,-40.445,4.835,-0.044,-14.917,-25.247
966.0,966,974,-26.961,-38.111,-54.634,-65.752,-32.603,-37.362,-39.312,-41.058,5.642,-0.749,-15.322,-24.694
967.0,967,975,-29.313,-38.875,-53.651,-64.739,-31.917,-35.918,-38.703,-40.343,2.604,-2.957,-14.948,-24.396
968.0,968,976,-24.018,-33.764,-47.122,-55.965,-27.218,-31.316,-33.879,-35.635,3.200,-2.447,-13.243,-20.330
969.0,969,977,-24.222,-33.058,-44.724,-53.177,-26.947,-30.528,-33.671,-35.373,2.725,-2.530,-11.053,-17.804
970.0,970,978,-24.575,-31.798,-41.698,-52.765,-28.574,-32.722,-35.397,-37.087,3.999,0.924,-6.301,-15.678
971.0,971,979,-28.610,-34.892,-43.420,-58.050,-28.997,-34.247,-35.859,-37.435,0.387,-0.645,-7.561,-20.615
972.0,972,980,-30.699,-36.677,-49.991,-62.135,-31.937,-35.683,-37.543,-40.495,1.238,-0.993,-12.448,-21.640
973.0,973,981,-31.617,-39.057,-53.637,-64.942,-34.735,-38.116,-41.310,-43.228,3.118,-0.940,-12.327,-21.714
974.0,974,982,-31.085,-40.105,-55.626,-67.758,-35.483,-38.636,-41.765,-43.948,4.398,-1.469,-13.861,-23.810
975.0,975,983,-26.067,-35.567,-49.271,-58.089,-29.004,-33.351,-35.871,-37.413,2.937,-2.216,-13.400,-20.676
976.0,976,984,-25.016,-34.503,-48.118,-57.011,-29.572,-33.754,-36.212,-38.008,4.556,-0.749,-11.906,-19.002
977.0,977,985,-30.162,-39.426,-55.531,-66.156,-34.204,-37.765,-40.993,-42.646,4.042,-1.661,-14.539,-23.510
978.0,978,986,-33.772,-40.676,-53.301,-67.815,-36.820,-41.267,-44.245,-45.227,3.049,0.592,-9.056,-22.588
979.0,979,987,-33.450,-39.774,-52.230,-68.309,-32.695,-38.148,-41.361,-41.019,-0.756,-1.626,-10.868,-27.290
980.0,980,988,-31.466,-38.442,-54.302,-65.346,-33.468,-37.897,-40.890,-41.805,2.002,-0.545,-13.412,-23.541
981.0,981,989,-31.600,-38.928,-54.807,-65.841,-34.684,-38.630,-42.496,-43.078,3.084,-0.297,-12.310,-22.763
982.0,982,990,-29.121,-39.278,-53.407,-63.855,-32.508,-36.766,-38.968,-40.979,3.387,-2.512,-14.439,-22.876
983.0,983,991,-26.081,-35.053,-47.791,-56.951,-29.508,-33.412,-36.285,-37.930,3.428,-1.641,-11.505,-19.022
984.0,984,992,-28.667,-36.412,-49.983,-62.575,-32.934,-36.427,-39.917,-41.375,4.267,0.015,-10.066,-21.201
985.0,985,993,-33.971,-40.035,-52.532,-66.842,-32.925,-39.225,-41.769,-41.228,-1.047,-0.809,-10.763,-25.614
986.0,986,994,-34.324,-41.502,-56.785,-70.711,-37.174,-41.652,-44.737,-45.535,2.850,0.150,-12.048,-25.177
987.0,987,995,-32.962,-42.606,-60.618,-73.493,-36.006,-40.589,-42.695,-44.461,3.044,-2.017,-17.924,-29.032
988.0,988,996,-33.101,-42.330,-60.547,-73.955,-37.551,-41.446,-44.136,-46.026,4.449,-0.884,-16.410,-27.930
989.0,989,997,-37.034,-45.465,-64.014,-79.833,-40.822,-44.484,-48.059,-49.223,3.788,-0.981,-15.956,-30.610
990.0,990,998,-37.719,-43.885,-51.326,-69.178,-37.341,-43.384,-46.598,-45.672,-0.378,-0.501,-4.728,-23.506
991.0,991,999,-34.939,-41.867,-47.652,-61.287,-36.253,-39.982,-42.299,-45.076,1.314,-1.884,-5.353,-16.211
992.0,992,1000,-33.652,-40.958,-49.440,-66.775,-35.207,-41.045,-43.915,-43.555,1.555,0.087,-5.524,-23.220
993.0,993,1001,-34.694,-42.669,-52.169,-65.921,-36.667,-41.292,-43.286,-45.306,1.973,-1.377,-8.884,-20.616
994.0,994,1002,-32.931,-39.872,-56.784,-67.796,-33.010,-38.595,-42.602,-41.334,0.079,-1.277,-14.182,-26.462
995.0,995,1003,-33.060,-40.074,-58.074,-70.003,-33.368,-38.204,-40.077,-41.795,0.308,-1.870,-17.997,-28.208
996.0,996,1004,-30.670,-39.055,-56.833,-66.624,-34.460,-39.022,-41.517,-42.882,3.790,-0.033,-15.317,-23.742
997.0,997,1005,-24.834,-35.299,-54.653,-65.135,-29.022,-35.277,-35.917,-37.421,4.188,-0.023,-18.735,-27.713
998.0,998,1006,-30.632,-36.951,-53.824,-62.427,-33.231,-36.566,-41.061,-41.631,2.599,-0.385,-12.763,-20.796
999.0,999,1007,-28.968,-37.679,-52.182,-62.579,-32.183,-37.108,-38.531,-40.644,3.215,-0.571,-13.651,-21.935
1000.0,1000,1008,-27.390,-37.261,-54.820,-62.041,-30.902,-35.969,-37.445,-39.337,3.512,-1.292,-17.375,-22.703
1001.0,1001,1009,-29.785,-39.112,-54.847,-67.188,-32.908,-38.544,-41.302,-41.284,3.123,-0.567,-13.545,-25.904
1002.0,1002,1010,-30.590,-41.188,-57.027,-70.352,-34.897,-39.368,-42.071,-43.341,4.307,-1.819,-14.956,-27.012
1003.0,1003,1011,-29.554,-38.409,-57.755,-72.512,-32.212,-36.701,-39.579,-40.608,2.658,-1.708,-18.175,-31.904
1004.0,1004,1012,-29.563,-36.525,-52.545,-62.689,-30.122,-36.629,-39.756,-38.440,0.560,0.103,-12.789,-24.250
1005.0,1005,1013,-29.000,-38.281,-55.113,-61.606,-31.761,-36.964,-38.403,-40.198,2.761,-1.317,-16.710,-21.408
1006.0,1006,1014,-25.919,-36.483,-55.564,-66.057,-29.387,-35.441,-36.246,-37.799,3.469,-1.042,-19.318,-28.258
1007.0,1007,1015,-27.951,-37.484,-54.964,-63.066,-32.615,-37.360,-39.515,-41.033,4.664,-0.123,-15.448,-22.033
1008.0,1008,1016,-29.370,-37.561,-52.541,-63.075,-32.140,-36.738,-38.838,-40.586,2.769,-0.823,-13.703,-22.489
1009.0,1009,1017,-28.144,-37.974,-54.617,-66.695,-30.930,-36.187,-37.739,-39.380,2.786,-1.787,-16.878,-27.315
1010.0,1010,1018,-27.632,-37.041,-54.186,-63.757,-31.781,-36.524,-39.281,-40.201,4.150,-0.517,-14.905,-23.556
1011.0,1011,1019,-25.702,-36.050,-50.264,-63.348,-28.912,-34.555,-36.811,-37.306,3.209,-1.495,-13.454,-26.041
1012.0,1012,1020,-24.834,-36.009,-52.240,-64.975,-30.705,-35.220,-37.869,-39.141,5.871,-0.789,-14.371,-25.834
1013.0,1013,1021,-30.917,-42.395,-59.002,-71.665,-37.395,-41.436,-44.074,-45.943,6.479,-0.959,-14.929,-25.722
1014.0,1014,1022,-39.387,-45.400,-55.928,-71.680,-38.853,-44.091,-47.981,-47.205,-0.534,-1.309,-7.947,-24.475
1015.0,1015,1023,-35.132,-41.074,-53.261,-69.830,-35.159,-39.672,-42.261,-43.559,0.027,-1.401,-11.000,-26.270
1016.0,1016,1024,-33.097,-40.396,-55.470,-70.159,-35.516,-39.128,-40.586,-43.940,2.419,-1.268,-14.884,-26.219
1017.0,1017,1025,-29.518,-38.592,-57.382,-71.058,-32.585,-37.374,-39.692,-40.954,3.067,-1.217,-17.691,-30.104
1018.0,1018,1026,-30.002,-39.343,-56.089,-70.409,-34.854,-39.614,-41.648,-43.317,4.852,0.272,-14.441,-27.092
1019.0,1019,1027,-31.885,-40.468,-56.855,-70.319,-36.598,-40.336,-42.745,-45.073,4.713,-0.132,-14.109,-25.246
1020.0,1020,1028,-30.585,-40.514,-60.954,-74.099,-34.814,-40.004,-41.654,-43.242,4.229,-0.511,-19.300,-30.857
1021.0,1021,1029,-29.883,-40.228,-59.793,-72.554,-33.196,-39.000,-40.133,-41.600,3.313,-1.228,-19.660,-30.954
1022.0,1022,1030,-28.546,-37.987,-53.971,-66.226,-32.006,-37.770,-38.936,-40.456,3.459,-0.217,-15.034,-25.770
1023.0,1023,1031,-31.495,-39.319,-51.546,-64.117,-32.919,-37.964,-40.032,-41.362,1.424,-1.355,-11.515,-22.755
1024.0,1024,1032,-29.474,-36.952,-52.141,-62.825,-31.850,-35.450,-37.209,-40.258,2.376,-1.503,-14.933,-22.567
1025.0,1025,1033,-27.096,-35.409,-49.601,-62.282,-28.777,-33.563,-36.063,-37.126,1.681,-1.846,-13.538,-25.155
1026.0,1026,1034,-26.129,-34.929,-50.366,-61.928,-30.831,-34.956,-37.882,-39.289,4.702,0.027,-12.484,-22.638
1027.0,1027,1035,-27.712,-36.275,-50.610,-61.901,-30.996,-34.782,-37.352,-39.458,3.283,-1.493,-13.258,-22.443
1028.0,1028,1036,-25.553,-34.717,-49.681,-59.807,-28.998,-33.318,-35.605,-37.477,3.445,-1.399,-14.076,-22.330
1029.0,1029,1037,-23.025,-32.718,-49.481,-57.937,-27.563,-32.238,-34.170,-35.985,4.538,-0.481,-15.312,-21.952
1030.0,1030,1038,-22.375,-32.481,-48.413,-57.853,-26.261,-31.159,-32.997,-34.704,3.886,-1.322,-15.416,-23.149
1031.0,1031,1039,-25.895,-33.480,-41.655,-53.178,-25.628,-31.402,-33.392,-33.963,-0.267,-2.078,-8.263,-19.215
1032.0,1032,1040,-23.160,-31.157,-40.347,-53.413,-24.231,-29.868,-31.230,-32.684,1.071,-1.289,-9.117,-20.729
1033.0,1033,1041,-20.244,-30.122,-42.262,-51.523,-25.037,-29.498,-31.052,-33.523,4.793,-0.625,-11.210,-18.000
1034.0,1034,1042,-21.785,-29.528,-41.511,-49.629,-24.375,-28.266,-30.811,-32.744,2.590,-1.262,-10.700,-16.885
1035.0,1035,1043,-22.055,-29.140,-36.748,-49.635,-23.257,-28.904,-30.275,-31.632,1.201,-0.237,-6.472,-18.002
1036.0,1036,1044,-19.889,-28.839,-39.394,-47.929,-21.711,-26.902,-28.905,-30.126,1.822,-1.937,-10.489,-17.802
1037.0,1037,1045,-19.948,-28.865,-41.514,-49.027,-23.124,-27.737,-29.237,-31.597,3.176,-1.129,-12.277,-17.430
1038.0,1038,1046,-19.302,-26.873,-37.960,-45.755,-20.237,-25.561,-28.119,-28.640,0.934,-1.312,-9.841,-17.116
1039.0,1039,1047,-18.658,-26.534,-39.231,-46.598,-21.247,-25.674,-27.918,-29.672,2.589,-0.860,-11.313,-16.926
1040.0,1040,1048,-16.951,-25.886,-38.552,-45.504,-19.358,-24.648,-26.760,-27.780,2.408,-1.238,-11.792,-17.725
1041.0,1041,1049,-17.623,-26.120,-39.649,-46.222,-20.661,-25.587,-28.217,-29.088,3.038,-0.533,-11.432,-17.134
1042.0,1042,1050,-18.372,-26.621,-39.966,-46.041,-21.540,-25.111,-27.814,-29.954,3.168,-1.509,-12.152,-16.087
1043.0,1043,1051,-16.635,-26.561,-38.655,-45.576,-20.510,-25.183,-26.474,-28.966,3.875,-1.379,-12.181,-16.610
1044.0,1044,1052,-17.203,-26.822,-40.146,-47.026,-20.487,-25.296,-27.368,-28.903,3.284,-1.526,-12.778,-18.123
1045.0,1045,1053,-16.596,-25.980,-37.199,-43.731,-19.668,-24.976,-27.242,-28.083,3.072,-1.004,-9.957,-15.648
1046.0,1046,1054,-18.373,-25.456,-39.605,-45.989,-21.053,-24.964,-28.638,-29.480,2.679,-0.493,-10.968,-16.509
1047.0,1047,1055,-19.488,-26.812,-37.857,-44.591,-20.014,-25.201,-26.815,-28.436,0.526,-1.611,-11.042,-16.155
1048.0,1048,1056,-17.273,-26.574,-38.676,-44.746,-21.097,-25.575,-27.419,-29.585,3.824,-0.999,-11.256,-15.161
1049.0,1049,1057,-15.754,-25.174,-37.830,-44.174,-19.280,-24.476,-26.425,-27.641,3.527,-0.699,-11.405,-16.534
1050.0,1050,1058,-16.963,-25.695,-38.077,-44.231,-20.940,-24.905,-27.534,-29.418,3.977,-0.790,-10.543,-14.812
1051.0,1051,1059,-18.187,-26.943,-37.667,-44.544,-20.769,-25.319,-26.915,-29.272,2.583,-1.624,-10.753,-15.272
1052.0,1052,1060,-17.079,-25.644,-37.967,-44.281,-19.723,-24.803,-27.136,-28.126,2.645,-0.841,-10.831,-16.156
1053.0,1053,1061,-17.643,-26.356,-39.213,-45.553,-21.047,-25.463,-27.810,-29.465,3.405,-0.893,-11.403,-16.088
1054.0,1054,1062,-17.468,-26.799,-38.177,-44.403,-20.864,-25.480,-27.747,-29.323,3.396,-1.319,-10.429,-15.080
1055.0,1055,1063,-17.928,-26.885,-38.263,-44.486,-20.629,-26.736,-28.452,-28.951,2.701,-0.149,-9.811,-15.535
1056.0,1056,1064,-18.027,-25.807,-37.773,-44.626,-20.830,-24.962,-27.799,-29.245,2.803,-0.845,-9.974,-15.381
1057.0,1057,1065,-16.450,-25.332,-35.935,-43.735,-19.039,-24.490,-25.996,-27.450,2.589,-0.842,-9.938,-16.285
1058.0,1058,1066,-17.823,-25.563,-36.462,-44.697,-20.139,-24.403,-26.987,-28.594,2.316,-1.160,-9.475,-16.104
1059.0,1059,1067,-16.010,-25.166,-36.423,-43.725,-19.483,-24.073,-25.746,-27.973,3.473,-1.093,-10.678,-15.752
1060.0,1060,1068,-18.230,-25.713,-38.714,-45.446,-21.110,-25.214,-27.349,-29.571,2.881,-0.499,-11.364,-15.875
1061.0,1061,1069,-18.166,-27.703,-37.961,-44.917,-20.714,-26.358,-27.693,-29.100,2.547,-1.346,-10.267,-15.817
1062.0,1062,1070,-18.220,-26.908,-39.083,-45.638,-21.467,-26.418,-28.335,-29.929,3.247,-0.490,-10.748,-15.709
1063.0,1063,1071,-18.767,-27.769,-40.469,-46.707,-21.515,-26.165,-28.151,-29.959,2.748,-1.604,-12.318,-16.749
1064.0,1064,1072,-16.851,-26.003,-37.936,-45.022,-20.792,-25.221,-26.783,-29.315,3.940,-0.782,-11.153,-15.707
1065.0,1065,1073,-20.090,-27.068,-39.765,-46.179,-21.895,-26.325,-29.002,-30.387,1.805,-0.742,-10.763,-15.793
1066.0,1066,1074,-16.913,-26.537,-40.171,-47.227,-20.690,-25.228,-27.155,-29.161,3.777,-1.309,-13.016,-18.066
1067.0,1067,1075,-18.484,-27.735,-40.225,-47.464,-21.903,-26.983,-28.532,-30.365,3.419,-0.753,-11.694,-17.099
1068.0,1068,1076,-20.817,-29.367,-39.869,-50.593,-23.628,-28.489,-31.240,-32.021,2.811,-0.878,-8.629,-18.572
1069.0,1069,1077,-24.281,-31.480,-41.518,-52.777,-25.238,-30.337,-32.778,-33.586,0.957,-1.144,-8.740,-19.192
1070.0,1070,1078,-25.202,-32.350,-39.719,-48.564,-27.411,-31.970,-34.091,-35.890,2.208,-0.380,-5.628,-12.674
1071.0,1071,1079,-23.732,-30.836,-42.201,-48.910,-25.150,-29.329,-32.341,-33.657,1.418,-1.507,-9.861,-15.253
1072.0,1072,1080,-23.184,-30.038,-38.568,-49.145,-25.782,-29.680,-31.081,-34.293,2.598,-0.359,-7.486,-14.852
1073.0,1073,1081,-21.560,-29.690,-41.288,-50.873,-23.703,-27.951,-28.783,-32.161,2.144,-1.739,-12.505,-18.712
1074.0,1074,1082,-19.621,-26.868,-34.854,-46.166,-20.075,-25.536,-27.416,-28.466,0.455,-1.332,-7.438,-17.699
1075.0,1075,1083,-23.763,-30.741,-38.511,-49.418,-27.930,-31.829,-34.651,-36.408,4.167,1.088,-3.860,-13.010
1076.0,1076,1084,-20.716,-29.522,-41.231,-50.486,-23.122,-27.940,-30.163,-31.538,2.405,-1.582,-11.067,-18.948
1077.0,1077,1085,-19.717,-27.970,-36.360,-45.120,-22.451,-26.427,-28.892,-30.912,2.734,-1.543,-7.468,-14.208
1078.0,1078,1086,-18.175,-26.786,-40.378,-47.102,-21.016,-25.918,-28.391,-29.412,2.841,-0.868,-11.987,-17.690
1079.0,1079,1087,-17.777,-26.663,-39.582,-45.861,-20.812,-24.978,-27.787,-29.248,3.035,-1.685,-11.795,-16.613
1080.0,1080,1088,-20.773,-28.131,-40.164,-46.808,-24.651,-28.171,-31.971,-33.061,3.878,0.039,-8.193,-13.748
1081.0,1081,1089,-33.935,-42.854,-55.576,-63.328,-35.744,-39.516,-42.488,-44.148,1.809,-3.338,-13.088,-19.181
1082.0,1082,1090,-25.094,-34.874,-51.539,-62.349,-27.139,-32.147,-35.117,-35.528,2.046,-2.727,-16.422,-26.821
1083.0,1083,1091,-23.819,-33.152,-45.978,-54.097,-27.448,-31.870,-33.346,-35.916,3.629,-1.283,-12.631,-18.181
1084.0,1084,1092,-21.704,-29.631,-41.357,-49.281,-25.205,-28.234,-31.910,-33.706,3.501,-1.397,-9.448,-15.575
1085.0,1085,1093,-19.222,-28.125,-38.601,-45.301,-21.451,-26.069,-27.225,-30.014,2.229,-2.055,-11.376,-15.288
1086.0,1086,1094,-17.101,-25.609,-34.814,-41.760,-18.585,-23.849,-25.916,-27.029,1.484,-1.760,-8.898,-14.732
1087.0,1087,1095,-16.612,-25.290,-35.042,-42.967,-19.934,-24.750,-27.501,-28.288,3.321,-0.540,-7.541,-14.678
1088.0,1088,1096,-16.090,-24.551,-33.570,-42.287,-17.885,-23.219,-24.591,-26.265,1.795,-1.331,-8.978,-16.022
1089.0,1089,1097,-17.876,-26.867,-37.522,-45.141,-21.692,-25.751,-27.872,-30.159,3.816,-1.116,-9.650,-14.982
1090.0,1090,1098,-15.975,-25.399,-37.193,-43.750,-19.197,-24.072,-24.921,-27.715,3.222,-1.327,-12.272,-16.036
1091.0,1091,1099,-17.722,-26.242,-36.996,-43.381,-20.852,-25.361,-27.728,-29.293,3.130,-0.881,-9.267,-14.088
1092.0,1092,1100,-18.749,-25.653,-38.432,-44.176,-21.591,-24.995,-27.740,-30.009,2.842,-0.658,-10.692,-14.167
1093.0,1093,1101,-17.550,-26.854,-39.866,-46.770,-21.290,-26.135,-28.343,-29.735,3.740,-0.719,-11.523,-17.035
1094.0,1094,1102,-19.684,-28.088,-41.208,-48.839,-22.664,-27.810,-30.894,-31.014,2.980,-0.278,-10.314,-17.825
1095.0,1095,1103,-23.588,-32.091,-46.195,-53.682,-28.070,-32.446,-35.000,-36.476,4.482,0.355,-11.195,-17.206
1096.0,1096,1104,-27.739,-36.997,-52.612,-62.786,-31.396,-36.778,-39.673,-39.754,3.658,-0.219,-12.940,-23.032
1097.0,1097,1105,-30.276,-38.857,-56.094,-68.244,-33.943,-38.495,-41.375,-42.319,3.667,-0.361,-14.719,-25.925
1098.0,1098,1106,-29.360,-38.603,-57.270,-68.389,-33.723,-38.453,-40.805,-42.122,4.364,-0.150,-16.466,-26.266
1099.0,1099,1107,-31.389,-40.576,-58.741,-68.754,-34.940,-38.900,-41.509,-43.378,3.551,-1.676,-17.232,-25.375
1100.0,1100,1108,-27.067,-36.340,-52.900,-61.977,-31.334,-35.074,-37.814,-39.809,4.267,-1.267,-15.086,-22.168
1101.0,1101,1109,-26.980,-34.767,-51.679,-60.271,-29.499,-32.707,-37.230,-37.870,2.519,-2.060,-14.449,-22.401
1102.0,1102,1110,-22.048,-30.506,-46.288,-53.849,-25.486,-29.607,-31.959,-33.929,3.438,-0.899,-14.329,-19.919
1103.0,1103,1111,-21.360,-30.060,-44.079,-51.488,-24.158,-28.528,-30.097,-32.674,2.797,-1.532,-13.982,-18.814
1104.0,1104,1112,-20.475,-27.849,-40.293,-47.345,-22.988,-27.124,-28.794,-31.494,2.512,-0.725,-11.499,-15.851
1105.0,1105,1113,-23.952,-32.651,-46.083,-54.384,-26.901,-31.135,-33.424,-35.376,2.949,-1.517,-12.659,-19.008
1106.0,1106,1114,-19.927,-27.439,-39.436,-46.082,-21.736,-25.641,-26.646,-30.224,1.808,-1.797,-12.790,-15.858
1107.0,1107,1115,-20.241,-26.617,-37.866,-45.198,-21.098,-25.426,-27.181,-29.463,0.856,-1.190,-10.685,-15.736
1108.0,1108,1116,-20.217,-27.741,-36.503,-46.571,-21.299,-26.657,-28.317,-29.652,1.083,-1.084,-8.186,-16.919
1109.0,1109,1117,-19.334,-27.176,-40.006,-46.251,-21.114,-26.524,-29.372,-29.443,1.780,-0.652,-10.634,-16.808
1110.0,1110,1118,-20.469,-27.228,-39.862,-46.717,-22.847,-26.619,-28.605,-31.232,2.378,-0.608,-11.257,-15.485
1111.0,1111,1119,-16.700,-25.792,-38.720,-44.811,-19.765,-24.875,-27.033,-28.192,3.064,-0.917,-11.688,-16.618
1112.0,1112,1120,-17.598,-26.130,-38.120,-44.371,-20.038,-24.265,-27.018,-28.491,2.440,-1.864,-11.102,-15.880
1113.0,1113,1121,-15.499,-24.931,-36.719,-42.552,-19.457,-24.663,-26.674,-27.893,3.958,-0.268,-10.045,-14.659
1114.0,1114,1122,-17.163,-25.985,-38.095,-43.704,-20.507,-24.718,-27.769,-28.967,3.344,-1.267,-10.327,-14.737
1115.0,1115,1123,-14.943,-23.741,-36.349,-42.809,-17.984,-22.936,-25.512,-26.386,3.041,-0.804,-10.837,-16.423
1116.0,1116,1124,-14.570,-23.836,-36.975,-43.758,-19.140,-23.382,-25.730,-27.608,4.570,-0.453,-11.245,-16.151
1117.0,1117,1125,-16.936,-24.715,-38.145,-44.564,-19.685,-22.936,-25.645,-28.104,2.750,-1.779,-12.500,-16.460
1118.0,1118,1126,-20.532,-26.054,-38.359,-44.162,-22.076,-25.332,-29.009,-30.461,1.544,-0.721,-9.351,-13.701
1119.0,1119,1127,-17.053,-24.285,-36.440,-43.437,-17.863,-23.167,-25.473,-26.235,0.810,-1.118,-10.967,-17.202
1120.0,1120,1128,-16.378,-23.796,-35.762,-43.528,-18.636,-23.044,-25.466,-27.021,2.258,-0.752,-10.296,-16.508
1121.0,1121,1129,-16.142,-24.544,-37.424,-44.197,-19.646,-23.913,-25.861,-28.090,3.504,-0.631,-11.563,-16.106
1122.0,1122,1130,-15.653,-25.094,-36.452,-42.840,-18.592,-23.767,-25.627,-26.963,2.939,-1.327,-10.824,-15.877
1123.0,1123,1131,-16.654,-24.292,-36.082,-43.202,-20.083,-23.494,-26.663,-28.487,3.429,-0.797,-9.419,-14.715
1124.0,1124,1132,-15.809,-24.447,-36.778,-43.057,-18.944,-23.718,-25.290,-27.374,3.135,-0.729,-11.488,-15.683
1125.0,1125,1133,-15.578,-24.405,-35.786,-42.142,-18.669,-22.720,-25.885,-27.077,3.091,-1.685,-9.901,-15.066
1126.0,1126,1134,-16.512,-23.667,-36.442,-43.225,-19.323,-23.004,-26.354,-27.710,2.811,-0.663,-10.088,-15.515
1127.0,1127,1135,-17.557,-24.872,-36.048,-43.157,-20.264,-24.209,-26.924,-28.679,2.707,-0.663,-9.125,-14.478
1128.0,1128,1136,-16.554,-23.721,-33.437,-42.337,-17.170,-22.273,-24.366,-25.576,0.616,-1.448,-9.071,-16.761
1129.0,1129,1137,-17.168,-24.063,-33.356,-40.315,-18.870,-23.152,-25.282,-27.269,1.701,-0.911,-8.074,-13.046
1130.0,1130,1138,-19.796,-25.382,-32.146,-40.036,-21.245,-25.313,-26.543,-29.582,1.449,-0.069,-5.603,-10.454
1131.0,1131,1139,-31.078,-35.483,-43.159,-51.115,-33.252,-38.611,-40.334,-41.779,2.174,3.127,-2.825,-9.336
1132.0,1132,1140,-23.101,-29.316,-34.608,-38.699,-21.868,-27.377,-29.086,-30.100,-1.233,-1.939,-5.522,-8.600
1133.0,1133,1141,-29.411,-35.338,-42.656,-48.046,-31.756,-38.979,-39.193,-40.243,2.345,3.642,-3.463,-7.803
1134.0,1134,1142,-29.318,-37.903,-48.130,-54.493,-23.989,-29.154,-31.696,-32.311,-5.329,-8.750,-16.435,-22.182
1135.0,1135,1143,-17.174,-26.303,-36.423,-42.227,-22.077,-26.777,-29.103,-30.416,4.903,0.474,-7.320,-11.811
1136.0,1136,1144,-22.245,-33.383,-47.664,-54.309,-28.486,-33.821,-35.157,-36.978,6.241,0.439,-12.507,-17.331
1137.0,1137,1145,-26.526,-38.121,-53.536,-60.836,-31.296,-37.457,-38.719,-39.759,4.770,-0.664,-14.817,-21.077
1138.0,1138,1146,-29.398,-41.700,-56.212,-64.613,-34.280,-40.867,-42.333,-42.701,4.882,-0.833,-13.879,-21.912
