t_start_s,zm1_frame,spcmic_frame,zm1_order0_dBFS,zm1_order1_dBFS,zm1_order2_dBFS,zm1_order3_dBFS,spcmic_order0_dBFS,spcmic_order1_dBFS,spcmic_order2_dBFS,spcmic_order3_dBFS,diff_order0_dB,diff_order1_dB,diff_order2_dB,diff_order3_dB
8.0,8,0,-36.678,-48.536,-70.377,-85.447,-43.642,-47.532,-50.379,-52.128,6.964,-1.003,-19.997,-33.319
9.0,9,1,-35.206,-45.236,-63.497,-76.793,-40.855,-44.016,-47.659,-49.342,5.649,-1.220,-15.838,-27.451
10.0,10,2,-30.480,-41.831,-59.449,-71.322,-36.358,-40.926,-43.211,-44.817,5.878,-0.905,-16.238,-26.505
11.0,11,3,-32.795,-43.603,-61.770,-73.118,-38.361,-42.109,-45.250,-46.851,5.565,-1.495,-16.520,-26.267
12.0,12,4,-30.325,-39.863,-58.247,-68.498,-35.346,-38.500,-42.001,-43.870,5.021,-1.362,-16.246,-24.628
13.0,13,5,-31.272,-39.797,-56.138,-66.395,-35.385,-38.678,-41.938,-43.909,4.113,-1.119,-14.200,-22.487
14.0,14,6,-31.149,-42.184,-59.639,-70.110,-36.075,-40.228,-42.660,-44.554,4.926,-1.956,-16.979,-25.555
15.0,15,7,-29.635,-39.865,-55.593,-66.439,-34.954,-38.693,-41.781,-43.433,5.320,-1.172,-13.812,-23.006
16.0,16,8,-27.019,-38.230,-54.179,-64.024,-32.567,-37.153,-39.349,-41.041,5.549,-1.077,-14.829,-22.984
17.0,17,9,-27.363,-38.564,-55.884,-65.395,-33.040,-37.855,-39.827,-41.561,5.677,-0.708,-16.056,-23.834
18.0,18,10,-29.466,-38.073,-53.993,-62.878,-33.649,-36.387,-40.410,-42.167,4.183,-1.686,-13.583,-20.711
19.0,19,11,-25.300,-35.071,-51.435,-61.884,-30.191,-34.757,-36.775,-38.626,4.891,-0.314,-14.660,-23.258
20.0,20,12,-23.081,-32.888,-49.575,-57.572,-27.470,-32.551,-34.205,-35.900,4.388,-0.337,-15.370,-21.672
21.0,21,13,-28.596,-34.915,-46.080,-57.155,-28.633,-33.355,-34.002,-37.250,0.037,-1.560,-12.078,-19.905
22.0,22,14,-28.762,-34.946,-46.664,-59.863,-29.675,-33.363,-33.234,-38.365,0.913,-1.583,-13.430,-21.498
23.0,23,15,-26.934,-36.475,-52.101,-63.287,-31.562,-36.142,-38.089,-40.033,4.628,-0.333,-14.012,-23.255
24.0,24,16,-28.816,-38.881,-54.339,-64.473,-33.061,-37.363,-40.194,-41.487,4.245,-1.518,-14.144,-22.985
25.0,25,17,-29.486,-39.336,-55.360,-66.317,-35.281,-38.552,-42.222,-43.719,5.795,-0.784,-13.138,-22.598
26.0,26,18,-27.951,-38.918,-53.517,-63.421,-33.256,-37.482,-40.246,-41.709,5.305,-1.436,-13.272,-21.711
27.0,27,19,-30.892,-38.650,-56.974,-66.714,-34.794,-37.360,-41.141,-43.286,3.902,-1.290,-15.833,-23.428
28.0,28,20,-36.940,-44.248,-60.711,-74.222,-40.819,-43.749,-46.163,-49.268,3.879,-0.499,-14.548,-24.954
29.0,29,21,-30.901,-42.782,-59.500,-72.326,-36.400,-41.467,-43.455,-44.866,5.499,-1.315,-16.045,-27.460
30.0,30,22,-27.138,-39.450,-53.918,-65.594,-32.319,-37.318,-39.296,-40.799,5.181,-2.133,-14.623,-24.794
31.0,31,23,-30.804,-38.114,-55.589,-64.158,-35.217,-37.768,-41.857,-43.701,4.413,-0.347,-13.732,-20.456
32.0,32,24,-32.802,-38.660,-55.547,-63.602,-35.461,-37.139,-41.877,-43.960,2.659,-1.522,-13.671,-19.642
33.0,33,25,-30.116,-39.804,-57.130,-67.942,-34.734,-38.562,-41.596,-43.188,4.618,-1.243,-15.534,-24.754
34.0,34,26,-31.710,-42.935,-60.714,-71.676,-37.595,-41.213,-44.342,-46.068,5.885,-1.722,-16.372,-25.608
35.0,35,27,-30.083,-41.711,-58.008,-69.187,-35.293,-40.099,-42.166,-43.781,5.210,-1.612,-15.843,-25.406
36.0,36,28,-29.921,-40.462,-56.141,-67.302,-34.654,-39.065,-41.477,-43.145,4.733,-1.397,-14.664,-24.157
37.0,37,29,-28.628,-40.209,-56.682,-69.238,-33.639,-38.494,-40.214,-42.141,5.011,-1.715,-16.468,-27.097
38.0,38,30,-34.859,-44.544,-63.300,-76.194,-39.331,-43.177,-45.829,-47.819,4.472,-1.367,-17.471,-28.375
39.0,39,31,-34.839,-45.906,-65.674,-79.224,-39.971,-44.274,-46.833,-48.403,5.132,-1.632,-18.841,-30.821
40.0,40,32,-35.593,-47.310,-67.085,-81.918,-40.832,-45.427,-47.666,-49.296,5.240,-1.883,-19.419,-32.622
41.0,41,33,-37.930,-49.633,-67.897,-82.093,-42.799,-47.104,-49.443,-51.279,4.869,-2.529,-18.454,-30.814
42.0,42,34,-33.296,-39.697,-54.398,-65.438,-35.476,-39.589,-40.783,-43.931,2.181,-0.108,-13.615,-21.507
43.0,43,35,-28.181,-36.545,-49.820,-58.509,-29.979,-36.227,-37.717,-38.338,1.798,-0.318,-12.103,-20.171
44.0,44,36,-25.499,-32.223,-45.485,-54.326,-26.850,-31.565,-34.614,-35.274,1.351,-0.658,-10.870,-19.052
45.0,45,37,-24.455,-31.036,-40.581,-52.678,-25.758,-29.786,-30.579,-34.434,1.303,-1.251,-10.002,-18.244
46.0,46,38,-28.035,-35.008,-46.748,-55.238,-29.527,-33.351,-35.889,-38.105,1.492,-1.657,-10.860,-17.133
47.0,47,39,-29.090,-35.603,-48.969,-59.151,-32.202,-35.466,-39.401,-40.649,3.112,-0.138,-9.568,-18.502
48.0,48,40,-30.868,-39.060,-56.879,-66.410,-33.957,-38.002,-40.926,-42.408,3.090,-1.059,-15.953,-24.002
49.0,49,41,-27.784,-36.043,-52.647,-62.018,-31.703,-36.220,-38.300,-40.137,3.919,0.176,-14.346,-21.880
50.0,50,42,-27.805,-33.951,-49.139,-58.008,-30.935,-34.003,-38.019,-39.362,3.129,0.052,-11.120,-18.646
51.0,51,43,-23.840,-31.787,-47.976,-55.905,-27.988,-32.248,-34.941,-36.399,4.148,0.461,-13.034,-19.506
52.0,52,44,-24.565,-31.426,-41.721,-51.353,-26.543,-30.751,-32.522,-35.015,1.978,-0.675,-9.199,-16.337
53.0,53,45,-24.428,-31.705,-41.283,-51.515,-26.031,-30.792,-33.351,-34.454,1.603,-0.913,-7.932,-17.061
54.0,54,46,-22.992,-29.021,-38.799,-48.222,-23.867,-28.123,-30.857,-32.310,0.875,-0.898,-7.942,-15.912
55.0,55,47,-22.972,-29.194,-34.656,-41.043,-23.303,-27.939,-29.645,-31.949,0.331,-1.255,-5.011,-9.094
56.0,56,48,-25.414,-31.697,-38.280,-49.283,-25.677,-31.256,-33.732,-33.950,0.263,-0.440,-4.548,-15.332
57.0,57,49,-27.513,-34.961,-45.677,-56.970,-30.082,-33.469,-36.427,-38.545,2.569,-1.492,-9.250,-18.425
58.0,58,50,-32.138,-40.880,-51.029,-63.386,-33.522,-38.047,-38.572,-42.142,1.384,-2.833,-12.458,-21.244
59.0,59,51,-27.717,-37.030,-54.628,-64.460,-32.242,-37.173,-38.881,-40.687,4.525,0.143,-15.747,-23.772
60.0,60,52,-24.347,-33.025,-48.042,-56.385,-29.105,-33.451,-36.034,-37.530,4.758,0.426,-12.008,-18.855
61.0,61,53,-25.287,-33.247,-48.472,-57.804,-28.569,-32.271,-35.752,-36.995,3.282,-0.976,-12.721,-20.809
62.0,62,54,-23.460,-33.061,-50.382,-59.022,-28.088,-33.023,-34.954,-36.515,4.628,-0.039,-15.428,-22.507
63.0,63,55,-24.262,-34.206,-49.443,-57.252,-29.547,-33.349,-36.252,-38.007,5.285,-0.856,-13.192,-19.245
64.0,64,56,-22.441,-32.609,-45.973,-53.405,-26.144,-31.018,-33.134,-34.624,3.704,-1.591,-12.839,-18.781
65.0,65,57,-22.096,-31.209,-46.067,-53.309,-26.403,-30.553,-33.478,-34.860,4.307,-0.656,-12.589,-18.450
66.0,66,58,-19.872,-29.894,-43.251,-50.479,-24.719,-29.277,-31.385,-33.179,4.846,-0.617,-11.865,-17.300
67.0,67,59,-21.832,-32.256,-43.830,-51.116,-25.868,-30.855,-32.482,-34.345,4.036,-1.401,-11.348,-16.770
68.0,68,60,-20.987,-32.662,-43.910,-51.355,-26.450,-31.002,-33.138,-35.006,5.463,-1.660,-10.772,-16.349
69.0,69,61,-20.250,-31.809,-44.469,-51.356,-25.131,-30.382,-31.910,-33.620,4.881,-1.427,-12.559,-17.736
70.0,70,62,-20.055,-29.647,-41.718,-49.113,-23.969,-28.909,-30.774,-32.422,3.914,-0.737,-10.944,-16.691
71.0,71,63,-22.140,-28.690,-39.199,-49.004,-22.787,-27.701,-28.436,-31.303,0.647,-0.989,-10.763,-17.702
72.0,72,64,-23.600,-29.184,-34.863,-46.372,-23.254,-27.224,-28.097,-32.003,-0.346,-1.960,-6.767,-14.370
73.0,73,65,-26.997,-31.796,-37.506,-48.477,-26.190,-29.440,-31.932,-34.708,-0.807,-2.356,-5.574,-13.769
74.0,74,66,-26.578,-33.600,-47.416,-55.465,-30.289,-34.234,-37.100,-38.765,3.711,0.634,-10.315,-16.700
75.0,75,67,-26.247,-34.957,-50.931,-59.134,-29.587,-34.128,-36.361,-37.997,3.341,-0.830,-14.570,-21.137
76.0,76,68,-24.983,-35.988,-51.097,-60.172,-29.709,-34.597,-36.702,-38.166,4.725,-1.391,-14.395,-22.007
77.0,77,69,-30.516,-42.219,-57.011,-66.514,-34.162,-39.306,-40.834,-42.651,3.646,-2.913,-16.177,-23.862
78.0,78,70,-33.773,-44.761,-58.626,-69.173,-40.093,-44.449,-46.606,-48.588,6.321,-0.313,-12.020,-20.585
79.0,79,71,-28.817,-40.203,-54.518,-65.255,-33.802,-38.252,-40.574,-42.291,4.985,-1.950,-13.944,-22.964
80.0,80,72,-34.211,-44.740,-60.242,-70.950,-38.895,-43.626,-45.792,-47.387,4.683,-1.114,-14.450,-23.563
81.0,81,73,-32.428,-42.039,-58.530,-67.528,-36.613,-40.779,-43.353,-45.132,4.185,-1.261,-15.177,-22.396
82.0,82,74,-37.926,-49.088,-64.265,-76.396,-43.253,-47.095,-50.163,-51.723,5.327,-1.994,-14.102,-24.673
83.0,83,75,-32.363,-41.445,-58.299,-69.877,-36.447,-40.811,-43.511,-44.844,4.084,-0.633,-14.789,-25.033
84.0,84,76,-33.676,-42.877,-58.591,-71.861,-36.103,-40.596,-43.062,-44.533,2.427,-2.281,-15.529,-27.328
85.0,85,77,-31.951,-40.664,-56.298,-67.962,-36.134,-40.090,-43.100,-44.560,4.183,-0.574,-13.198,-23.403
86.0,86,78,-30.979,-39.289,-54.366,-63.907,-33.007,-37.603,-40.081,-41.448,2.028,-1.686,-14.285,-22.459
87.0,87,79,-28.350,-36.453,-52.281,-62.491,-33.306,-36.638,-40.520,-41.746,4.956,0.185,-11.760,-20.744
88.0,88,80,-31.091,-40.512,-55.990,-67.028,-35.343,-39.366,-43.008,-43.730,4.252,-1.146,-12.982,-23.297
89.0,89,81,-26.277,-35.043,-43.498,-55.382,-29.874,-33.269,-35.575,-38.287,3.597,-1.774,-7.923,-17.095
90.0,90,82,-27.603,-35.102,-48.742,-56.918,-31.869,-35.095,-38.562,-40.322,4.266,-0.007,-10.180,-16.596
91.0,91,83,-26.419,-36.116,-51.378,-59.755,-30.668,-35.372,-37.153,-39.175,4.250,-0.743,-14.224,-20.580
92.0,92,84,-25.834,-34.858,-53.130,-61.792,-29.777,-34.154,-36.390,-38.227,3.943,-0.704,-16.739,-23.566
93.0,93,85,-30.291,-38.889,-52.660,-62.937,-33.432,-37.868,-38.966,-41.922,3.141,-1.021,-13.694,-21.015
94.0,94,86,-27.735,-37.899,-49.723,-60.384,-31.646,-36.212,-38.306,-40.188,3.911,-1.687,-11.417,-20.195
95.0,95,87,-26.358,-34.517,-49.554,-57.529,-28.459,-33.271,-36.285,-36.817,2.101,-1.245,-13.269,-20.712
96.0,96,88,-29.993,-39.297,-54.575,-64.662,-32.391,-38.132,-40.150,-40.750,2.397,-1.165,-14.426,-23.912
97.0,97,89,-28.019,-37.158,-51.890,-59.308,-32.393,-35.846,-39.115,-40.868,4.375,-1.312,-12.775,-18.440
98.0,98,90,-27.624,-37.533,-53.698,-64.724,-31.381,-36.365,-38.264,-39.818,3.757,-1.168,-15.435,-24.905
99.0,99,91,-31.186,-40.322,-49.723,-63.341,-34.937,-39.785,-42.049,-43.419,3.751,-0.537,-7.674,-19.923
100.0,100,92,-30.050,-38.270,-52.563,-63.371,-32.249,-37.195,-39.532,-40.697,2.199,-1.075,-13.031,-22.673
101.0,101,93,-29.222,-37.126,-53.147,-60.589,-32.894,-36.797,-39.527,-41.344,3.672,-0.329,-13.620,-19.245
102.0,102,94,-25.735,-33.192,-46.375,-54.698,-29.669,-32.895,-36.806,-38.106,3.934,-0.297,-9.570,-16.591
103.0,103,95,-28.957,-38.567,-54.161,-63.945,-32.754,-37.177,-40.292,-41.173,3.797,-1.391,-13.868,-22.772
104.0,104,96,-24.193,-32.168,-41.671,-52.573,-27.785,-31.320,-33.427,-36.191,3.592,-0.848,-8.245,-16.381
105.0,105,97,-24.576,-32.198,-45.014,-53.194,-27.742,-31.436,-34.393,-36.228,3.166,-0.762,-10.621,-16.966
106.0,106,98,-23.756,-31.363,-46.249,-54.004,-25.960,-30.222,-32.703,-34.419,2.205,-1.141,-13.546,-19.585
107.0,107,99,-22.307,-29.387,-35.290,-47.294,-24.798,-28.265,-31.324,-33.567,2.490,-1.122,-3.966,-13.727
108.0,108,100,-24.768,-32.049,-39.504,-50.412,-27.613,-30.737,-34.359,-36.185,2.845,-1.312,-5.144,-14.227
109.0,109,101,-21.791,-29.700,-41.845,-49.742,-23.445,-28.279,-31.699,-31.827,1.654,-1.422,-10.146,-17.914
110.0,110,102,-24.047,-31.001,-41.886,-49.760,-26.563,-31.142,-34.537,-35.051,2.517,0.142,-7.349,-14.709
111.0,111,103,-23.686,-31.320,-41.535,-50.103,-27.111,-30.130,-33.439,-35.608,3.425,-1.190,-8.097,-14.496
112.0,112,104,-22.905,-28.804,-41.347,-49.933,-25.504,-28.481,-29.901,-34.029,2.598,-0.323,-11.446,-15.904
113.0,113,105,-22.972,-30.451,-43.640,-52.004,-25.869,-29.686,-31.741,-34.338,2.898,-0.765,-11.900,-17.666
114.0,114,106,-26.853,-32.703,-46.173,-55.138,-28.128,-31.455,-33.553,-36.639,1.275,-1.248,-12.620,-18.499
115.0,115,107,-28.731,-35.408,-51.235,-61.140,-31.774,-34.520,-36.813,-40.281,3.043,-0.888,-14.422,-20.859
116.0,116,108,-30.756,-37.014,-53.388,-63.753,-33.359,-36.046,-40.043,-41.812,2.603,-0.968,-13.345,-21.941
117.0,117,109,-31.090,-40.172,-57.728,-69.334,-35.118,-39.103,-42.113,-43.549,4.028,-1.069,-15.615,-25.784
118.0,118,110,-31.053,-37.383,-51.788,-61.296,-33.107,-37.490,-41.586,-41.506,2.055,0.106,-10.202,-19.790
119.0,119,111,-27.245,-34.618,-48.953,-58.925,-30.889,-34.125,-36.347,-39.331,3.643,-0.493,-12.606,-19.593
120.0,120,112,-25.756,-33.466,-49.305,-59.036,-28.390,-32.449,-34.838,-36.863,2.634,-1.017,-14.467,-22.173
121.0,121,113,-31.185,-39.694,-55.670,-65.793,-34.495,-38.073,-41.772,-42.881,3.310,-1.621,-13.898,-22.911
122.0,122,114,-29.008,-38.453,-54.644,-63.840,-33.901,-37.451,-40.698,-42.374,4.893,-1.002,-13.945,-21.466
123.0,123,115,-31.263,-40.270,-55.252,-63.616,-35.545,-38.707,-42.473,-44.045,4.283,-1.564,-12.779,-19.571
124.0,124,116,-26.016,-34.738,-49.147,-56.977,-29.729,-33.824,-36.150,-38.220,3.713,-0.914,-12.997,-18.757
125.0,125,117,-27.191,-36.163,-50.569,-57.058,-32.315,-36.669,-39.059,-40.811,5.124,0.506,-11.510,-16.247
126.0,126,118,-26.721,-34.371,-48.846,-56.192,-31.464,-34.051,-38.365,-39.870,4.743,-0.320,-10.481,-16.322
127.0,127,119,-24.103,-33.152,-47.856,-55.225,-27.219,-32.004,-34.429,-35.672,3.116,-1.148,-13.427,-19.553
128.0,128,120,-21.250,-30.324,-44.568,-51.595,-25.627,-29.748,-32.381,-34.082,4.378,-0.576,-12.187,-17.513
129.0,129,121,-21.645,-29.289,-42.626,-49.799,-25.078,-29.451,-31.718,-33.496,3.432,0.162,-10.909,-16.303
130.0,130,122,-21.800,-29.133,-40.614,-48.661,-24.861,-28.920,-30.159,-33.450,3.061,-0.213,-10.455,-15.210
131.0,131,123,-18.495,-26.330,-38.222,-44.526,-21.740,-25.752,-28.161,-30.332,3.245,-0.578,-10.061,-14.195
132.0,132,124,-20.911,-28.122,-36.870,-45.508,-22.249,-26.684,-29.011,-30.691,1.337,-1.438,-7.859,-14.816
133.0,133,125,-19.878,-26.038,-34.925,-43.569,-20.899,-25.256,-26.116,-29.485,1.021,-0.782,-8.809,-14.085
134.0,134,126,-16.897,-25.551,-34.789,-42.359,-18.692,-23.751,-25.076,-27.163,1.795,-1.800,-9.713,-15.196
135.0,135,127,-30.194,-38.778,-49.079,-55.935,-28.940,-33.449,-36.286,-37.307,-1.253,-5.329,-12.794,-18.628
136.0,136,128,-18.477,-26.671,-39.168,-44.310,-22.793,-25.533,-29.818,-31.172,4.316,-1.138,-9.349,-13.139
137.0,137,129,-30.866,-41.131,-50.302,-56.223,-32.622,-36.776,-39.336,-41.041,1.756,-4.355,-10.966,-15.182
138.0,138,130,-59.739,-68.103,-72.510,-78.411,-60.450,-63.158,-67.128,-68.675,0.711,-4.945,-5.382,-9.736
139.0,139,131,-39.236,-48.628,-65.822,-77.598,-45.917,-49.210,-52.877,-54.343,6.681,0.582,-12.944,-23.256
140.0,140,132,-32.423,-41.059,-60.467,-71.793,-37.793,-40.762,-44.670,-46.273,5.370,-0.297,-15.797,-25.520
141.0,141,133,-35.261,-42.844,-62.900,-74.535,-39.959,-41.175,-46.344,-48.444,4.697,-1.669,-16.556,-26.092
142.0,142,134,-30.720,-39.901,-58.924,-70.293,-34.972,-39.005,-41.595,-43.429,4.252,-0.896,-17.329,-26.864
143.0,143,135,-36.233,-42.521,-55.510,-72.601,-37.406,-41.036,-41.419,-46.174,1.173,-1.485,-14.091,-26.426
144.0,144,136,-29.685,-35.487,-42.057,-59.692,-29.884,-35.413,-37.203,-38.248,0.200,-0.074,-4.853,-21.444
145.0,145,137,-30.869,-37.943,-44.980,-61.409,-31.388,-36.902,-39.768,-39.701,0.518,-1.041,-5.212,-21.708
146.0,146,138,-31.986,-41.087,-51.128,-64.511,-35.965,-40.982,-42.595,-44.537,3.979,-0.105,-8.532,-19.974
147.0,147,139,-36.450,-46.578,-64.289,-75.980,-41.345,-45.918,-48.256,-49.814,4.895,-0.661,-16.033,-26.166
148.0,148,140,-31.320,-40.375,-56.111,-66.219,-35.868,-40.068,-42.363,-44.341,4.548,-0.307,-13.748,-21.878
149.0,149,141,-25.671,-35.173,-48.853,-55.589,-29.545,-34.552,-36.567,-37.986,3.874,-0.621,-12.286,-17.602
150.0,150,142,-25.777,-33.965,-46.460,-52.659,-27.725,-32.321,-35.348,-36.108,1.947,-1.644,-11.112,-16.551
151.0,151,143,-22.365,-33.843,-43.164,-49.224,-26.107,-32.744,-33.815,-34.409,3.742,-1.099,-9.349,-14.814
152.0,152,144,-26.635,-42.818,-53.957,-60.381,-30.615,-40.022,-37.549,-39.082,3.980,-2.796,-16.408,-21.300
153.0,153,145,-36.149,-50.376,-65.971,-73.970,-40.654,-48.726,-47.444,-49.173,4.505,-1.650,-18.527,-24.797
154.0,154,146,-34.442,-44.949,-62.210,-74.748,-40.038,-44.960,-47.822,-48.435,5.596,0.012,-14.388,-26.313
155.0,155,147,-37.821,-47.519,-66.093,-78.772,-39.954,-45.003,-47.331,-48.353,2.133,-2.515,-18.762,-30.419
156.0,156,148,-50.747,-64.585,-78.819,-86.177,-53.909,-60.669,-61.279,-62.375,3.162,-3.915,-17.540,-23.802
157.0,157,149,-46.154,-56.463,-69.772,-84.978,-52.915,-58.208,-61.501,-61.288,6.761,1.745,-8.271,-23.691
158.0,158,150,-32.118,-41.908,-58.596,-69.140,-36.005,-40.949,-42.772,-44.481,3.887,-0.959,-15.823,-24.659
159.0,159,151,-31.119,-38.458,-54.888,-62.815,-34.851,-37.437,-41.229,-43.355,3.732,-1.021,-13.659,-19.460
160.0,160,152,-27.250,-36.535,-55.862,-66.256,-32.422,-36.884,-39.156,-40.856,5.172,0.349,-16.705,-25.400
161.0,161,153,-29.899,-40.001,-57.373,-68.346,-33.548,-38.650,-40.013,-41.981,3.649,-1.352,-17.361,-26.366
162.0,162,154,-30.396,-36.527,-43.083,-58.069,-30.385,-36.266,-37.638,-38.823,-0.010,-0.261,-5.445,-19.246
163.0,163,155,-30.707,-35.518,-40.889,-55.311,-29.342,-35.282,-37.917,-37.791,-1.365,-0.236,-2.972,-17.520
164.0,164,156,-36.728,-43.408,-52.611,-64.390,-36.391,-42.320,-44.294,-44.865,-0.337,-1.088,-8.317,-19.525
165.0,165,157,-35.494,-45.585,-59.620,-72.219,-41.367,-45.577,-48.192,-49.850,5.873,-0.008,-11.428,-22.369
166.0,166,158,-27.048,-36.964,-51.994,-60.089,-31.839,-36.881,-38.501,-40.332,4.791,-0.083,-13.493,-19.757
167.0,167,159,-23.639,-32.622,-45.478,-51.767,-27.003,-32.584,-34.272,-35.378,3.364,-0.038,-11.205,-16.389
168.0,168,160,-23.510,-31.160,-42.792,-49.451,-25.492,-30.079,-32.954,-33.934,1.982,-1.081,-9.838,-15.517
169.0,169,161,-26.531,-36.144,-46.481,-52.004,-31.682,-35.925,-38.476,-40.257,5.151,-0.219,-8.005,-11.747
170.0,170,162,-24.557,-33.954,-43.989,-49.444,-27.216,-32.309,-34.226,-35.651,2.659,-1.645,-9.763,-13.793
171.0,171,163,-18.642,-29.661,-38.337,-47.160,-23.378,-28.686,-29.953,-31.956,4.737,-0.975,-8.384,-15.204
172.0,172,164,-19.721,-28.900,-38.866,-46.067,-22.942,-27.195,-29.992,-31.450,3.222,-1.705,-8.874,-14.617
173.0,173,165,-21.160,-29.522,-38.993,-47.589,-25.390,-28.754,-31.615,-33.801,4.230,-0.768,-7.378,-13.788
174.0,174,166,-20.886,-30.498,-42.007,-48.503,-25.073,-30.116,-31.830,-33.593,4.187,-0.382,-10.177,-14.910
175.0,175,167,-21.692,-28.173,-38.839,-48.214,-23.316,-27.295,-30.929,-31.703,1.624,-0.878,-7.910,-16.510
176.0,176,168,-24.484,-31.868,-41.960,-50.639,-27.321,-31.409,-33.273,-35.778,2.837,-0.458,-8.687,-14.861
177.0,177,169,-20.700,-28.300,-34.720,-40.796,-22.860,-27.029,-29.768,-31.316,2.160,-1.271,-4.952,-9.480
178.0,178,170,-22.878,-30.058,-37.631,-43.266,-24.310,-28.885,-29.548,-32.747,1.431,-1.173,-8.083,-10.520
179.0,179,171,-21.626,-28.918,-40.960,-48.505,-24.201,-28.450,-30.228,-32.659,2.576,-0.469,-10.733,-15.847
180.0,180,172,-21.356,-30.517,-40.921,-49.723,-24.905,-29.482,-30.718,-33.350,3.549,-1.035,-10.203,-16.373
181.0,181,173,-22.525,-30.054,-37.941,-48.178,-22.937,-28.919,-29.978,-31.484,0.412,-1.135,-7.963,-16.694
182.0,182,174,-23.764,-32.145,-40.822,-54.101,-25.535,-31.846,-32.809,-33.896,1.772,-0.300,-8.013,-20.205
183.0,183,175,-30.381,-37.746,-45.792,-60.677,-31.545,-36.553,-38.372,-39.902,1.165,-1.193,-7.420,-20.775
184.0,184,176,-26.205,-35.483,-48.451,-56.540,-29.007,-34.917,-36.173,-37.388,2.802,-0.566,-12.278,-19.152
185.0,185,177,-22.424,-31.697,-47.019,-54.787,-25.739,-31.255,-32.563,-34.158,3.315,-0.443,-14.456,-20.629
186.0,186,178,-20.396,-28.929,-42.073,-49.298,-23.438,-28.396,-30.800,-31.825,3.043,-0.533,-11.273,-17.473
187.0,187,179,-18.629,-27.066,-38.759,-45.964,-20.597,-25.652,-26.471,-29.094,1.968,-1.414,-12.288,-16.870
188.0,188,180,-18.776,-27.002,-35.771,-43.493,-22.044,-26.474,-28.474,-30.535,3.268,-0.528,-7.297,-12.958
189.0,189,181,-18.564,-26.985,-37.928,-45.014,-20.427,-25.435,-26.562,-28.905,1.863,-1.550,-11.366,-16.109
190.0,190,182,-22.355,-29.618,-37.484,-46.552,-23.551,-28.548,-28.869,-32.051,1.196,-1.069,-8.615,-14.500
191.0,191,183,-20.356,-28.248,-38.257,-47.945,-22.540,-26.893,-28.208,-31.159,2.184,-1.355,-10.050,-16.786
192.0,192,184,-17.499,-25.752,-34.358,-44.475,-20.461,-24.937,-26.885,-28.966,2.961,-0.815,-7.474,-15.509
193.0,193,185,-23.196,-29.694,-40.166,-48.949,-25.575,-28.785,-31.082,-34.072,2.380,-0.909,-9.084,-14.877
194.0,194,186,-22.763,-29.058,-38.878,-48.396,-24.297,-27.814,-30.156,-32.739,1.534,-1.244,-8.721,-15.657
195.0,195,187,-17.326,-28.160,-36.779,-44.796,-21.996,-26.624,-28.808,-30.438,4.670,-1.537,-7.971,-14.359
196.0,196,188,-19.158,-28.809,-42.119,-47.616,-22.830,-28.103,-29.469,-31.279,3.672,-0.705,-12.649,-16.337
197.0,197,189,-22.468,-30.009,-39.059,-48.354,-25.133,-28.847,-31.614,-33.614,2.665,-1.162,-7.445,-14.740
198.0,198,190,-19.610,-27.911,-34.737,-46.269,-22.185,-27.254,-30.042,-30.617,2.574,-0.657,-4.694,-15.653
199.0,199,191,-18.779,-26.602,-37.347,-45.567,-20.912,-25.581,-27.011,-29.391,2.133,-1.021,-10.336,-16.176
200.0,200,192,-19.634,-27.839,-39.199,-46.327,-22.162,-25.844,-27.011,-30.788,2.528,-1.995,-12.188,-15.539
201.0,201,193,-19.730,-27.055,-36.287,-45.628,-21.553,-25.980,-28.519,-30.016,1.823,-1.075,-7.767,-15.612
202.0,202,194,-17.675,-26.546,-36.739,-43.796,-20.766,-25.417,-27.356,-29.273,3.091,-1.130,-9.384,-14.522
203.0,203,195,-19.932,-28.036,-39.189,-48.293,-22.987,-26.903,-29.528,-31.459,3.055,-1.133,-9.661,-16.834
204.0,204,196,-18.887,-27.571,-39.596,-46.739,-22.144,-26.396,-28.814,-30.590,3.257,-1.174,-10.782,-16.149
205.0,205,197,-16.943,-27.634,-37.781,-44.682,-21.574,-26.205,-28.313,-30.066,4.631,-1.429,-9.468,-14.616
206.0,206,198,-20.130,-28.431,-35.513,-45.439,-22.406,-27.315,-29.610,-30.989,2.276,-1.117,-5.903,-14.451
207.0,207,199,-21.324,-27.450,-34.905,-43.833,-23.027,-27.108,-29.728,-31.582,1.703,-0.343,-5.177,-12.251
208.0,208,200,-19.425,-27.632,-36.654,-45.179,-21.545,-25.820,-26.716,-30.177,2.121,-1.812,-9.938,-15.003
209.0,209,201,-17.575,-27.076,-39.120,-46.597,-21.224,-25.879,-27.760,-29.712,3.649,-1.197,-11.360,-16.885
210.0,210,202,-19.472,-28.123,-40.944,-47.568,-23.264,-27.486,-30.018,-31.732,3.793,-0.636,-10.927,-15.836
211.0,211,203,-18.751,-27.120,-38.992,-45.774,-21.652,-26.100,-29.419,-30.056,2.901,-1.020,-9.573,-15.718
212.0,212,204,-18.187,-26.680,-38.507,-45.405,-21.287,-26.221,-28.167,-29.732,3.100,-0.460,-10.340,-15.672
213.0,213,205,-17.739,-25.849,-39.343,-45.947,-21.018,-25.066,-27.826,-29.422,3.279,-0.783,-11.517,-16.525
214.0,214,206,-19.478,-27.283,-38.693,-45.770,-22.139,-26.380,-29.593,-30.530,2.662,-0.903,-9.099,-15.240
215.0,215,207,-17.948,-26.065,-36.961,-43.469,-21.050,-25.639,-27.964,-29.489,3.102,-0.426,-8.997,-13.980
216.0,216,208,-15.762,-24.204,-36.165,-42.685,-18.355,-23.586,-26.229,-26.729,2.593,-0.618,-9.936,-15.956
217.0,217,209,-21.657,-29.673,-43.319,-50.875,-21.838,-28.336,-30.643,-30.157,0.181,-1.337,-12.676,-20.717
218.0,218,210,-27.213,-36.982,-48.979,-62.331,-30.186,-35.609,-37.881,-38.639,2.973,-1.373,-11.098,-23.693
219.0,219,211,-28.151,-38.593,-48.535,-61.940,-33.055,-37.388,-39.905,-41.557,4.904,-1.204,-8.631,-20.383
220.0,220,212,-27.620,-39.109,-51.953,-63.957,-32.516,-37.553,-39.397,-41.038,4.896,-1.555,-12.556,-22.920
221.0,221,213,-25.960,-33.941,-44.972,-58.983,-28.914,-33.628,-36.379,-37.288,2.954,-0.313,-8.593,-21.695
222.0,222,214,-28.075,-36.694,-46.610,-62.253,-31.804,-35.757,-38.276,-40.248,3.729,-0.937,-8.335,-22.005
223.0,223,215,-25.713,-33.105,-43.194,-54.202,-28.944,-31.881,-35.646,-37.352,3.230,-1.224,-7.548,-16.850
224.0,224,216,-25.209,-33.917,-41.734,-53.509,-29.964,-33.901,-36.368,-38.643,4.755,-0.016,-5.366,-14.867
225.0,225,217,-23.806,-31.860,-44.434,-52.902,-27.958,-30.292,-34.254,-36.435,4.152,-1.568,-10.181,-16.467
226.0,226,218,-21.617,-30.295,-36.909,-47.148,-25.376,-29.440,-30.411,-34.101,3.760,-0.856,-6.498,-13.047
227.0,227,219,-20.982,-31.373,-44.327,-54.311,-25.913,-30.221,-31.975,-34.405,4.931,-1.152,-12.351,-19.906
228.0,228,220,-18.277,-27.879,-36.345,-46.140,-22.185,-26.461,-28.014,-30.751,3.908,-1.419,-8.331,-15.389
229.0,229,221,-21.313,-29.587,-37.055,-45.385,-24.122,-28.770,-29.748,-32.817,2.809,-0.816,-7.307,-12.568
230.0,230,222,-19.895,-28.858,-34.839,-44.875,-24.830,-29.408,-29.839,-33.591,4.935,0.550,-5.000,-11.284
231.0,231,223,-19.012,-27.341,-34.789,-44.569,-21.274,-25.774,-27.849,-29.781,2.262,-1.567,-6.940,-14.787
232.0,232,224,-18.787,-26.579,-34.478,-40.189,-20.642,-26.145,-27.772,-29.152,1.856,-0.434,-6.706,-11.037
233.0,233,225,-19.694,-28.365,-34.434,-40.923,-21.670,-27.034,-29.191,-30.179,1.976,-1.330,-5.244,-10.743
234.0,234,226,-19.797,-27.030,-34.063,-41.348,-21.600,-25.771,-28.156,-30.088,1.803,-1.259,-5.907,-11.261
235.0,235,227,-18.529,-25.768,-34.390,-44.405,-20.317,-25.357,-26.501,-28.765,1.788,-0.411,-7.889,-15.640
236.0,236,228,-19.060,-25.682,-34.037,-44.314,-20.832,-25.432,-29.119,-29.123,1.773,-0.250,-4.917,-15.191
237.0,237,229,-17.017,-25.612,-38.386,-44.888,-20.272,-24.848,-27.149,-28.758,3.256,-0.764,-11.237,-16.131
238.0,238,230,-15.160,-24.081,-35.267,-42.422,-18.158,-23.212,-25.297,-26.570,2.998,-0.868,-9.969,-15.852
239.0,239,231,-17.462,-25.414,-34.807,-43.433,-20.021,-24.795,-27.393,-28.408,2.559,-0.619,-7.414,-15.025
240.0,240,232,-17.758,-26.403,-37.478,-44.032,-20.354,-25.363,-27.254,-28.846,2.596,-1.040,-10.225,-15.186
241.0,241,233,-17.947,-26.285,-36.566,-45.222,-20.575,-25.301,-27.914,-28.943,2.628,-0.984,-8.652,-16.279
242.0,242,234,-16.081,-24.935,-36.954,-42.409,-19.549,-24.599,-26.665,-28.002,3.468,-0.336,-10.289,-14.407
243.0,243,235,-24.437,-35.069,-46.462,-52.495,-26.298,-31.910,-33.476,-34.676,1.861,-3.159,-12.986,-17.819
244.0,244,236,-57.564,-65.520,-70.894,-76.772,-58.325,-61.525,-64.644,-66.643,0.761,-3.995,-6.250,-10.128
245.0,245,237,-42.776,-56.697,-80.836,-88.261,-49.904,-55.241,-56.741,-58.430,7.128,-1.456,-24.095,-29.831
246.0,246,238,-40.947,-54.783,-78.148,-88.005,-46.672,-52.252,-53.502,-55.196,5.725,-2.531,-24.646,-32.809
247.0,247,239,-33.509,-46.988,-70.714,-83.545,-39.969,-45.158,-46.837,-48.493,6.460,-1.830,-23.877,-35.052
248.0,248,240,-34.890,-49.185,-72.113,-83.119,-41.221,-46.868,-48.084,-49.755,6.331,-2.317,-24.029,-33.364
249.0,249,241,-33.744,-45.576,-66.507,-80.240,-39.067,-43.870,-46.012,-47.550,5.322,-1.706,-20.496,-32.691
250.0,250,242,-36.214,-49.039,-70.130,-84.431,-41.409,-46.673,-48.575,-49.871,5.194,-2.366,-21.555,-34.560
251.0,251,243,-34.268,-47.635,-67.837,-83.595,-40.434,-45.357,-47.454,-48.899,6.165,-2.278,-20.384,-34.696
252.0,252,244,-35.393,-47.712,-66.917,-82.637,-41.006,-45.712,-47.863,-49.488,5.613,-2.000,-19.054,-33.149
253.0,253,245,-37.269,-51.298,-73.422,-85.842,-42.780,-48.642,-49.608,-51.297,5.510,-2.655,-23.814,-34.545
254.0,254,246,-43.546,-56.749,-76.343,-86.153,-48.813,-54.066,-55.477,-57.318,5.267,-2.683,-20.866,-28.835
255.0,255,247,-48.803,-62.785,-80.354,-88.198,-54.054,-60.014,-60.705,-62.543,5.251,-2.771,-19.649,-25.655
256.0,256,248,-56.536,-69.583,-84.175,-89.029,-61.195,-64.783,-67.564,-69.663,4.658,-4.800,-16.611,-19.365
257.0,257,249,-37.305,-49.462,-71.077,-83.785,-44.582,-48.736,-51.377,-53.078,7.277,-0.726,-19.700,-30.707
258.0,258,250,-38.243,-51.321,-72.157,-85.081,-43.819,-47.986,-50.606,-52.310,5.575,-3.335,-21.551,-32.771
259.0,259,251,-35.394,-46.290,-64.686,-77.499,-41.424,-45.201,-48.334,-49.910,6.030,-1.089,-16.353,-27.589
260.0,260,252,-31.603,-44.282,-62.404,-75.482,-37.241,-42.645,-43.942,-45.719,5.638,-1.637,-18.462,-29.763
261.0,261,253,-33.740,-45.540,-64.879,-76.108,-40.239,-45.397,-47.071,-48.745,6.499,-0.143,-17.808,-27.363
262.0,262,254,-31.373,-41.992,-63.358,-76.061,-36.949,-40.374,-43.598,-45.485,5.576,-1.618,-19.761,-30.576
263.0,263,255,-32.097,-40.582,-58.532,-70.467,-36.803,-39.570,-43.316,-45.322,4.706,-1.012,-15.216,-25.145
264.0,264,256,-32.661,-44.455,-63.162,-74.453,-38.209,-42.564,-44.927,-46.705,5.548,-1.891,-18.235,-27.749
265.0,265,257,-29.088,-40.948,-58.696,-70.392,-34.826,-39.497,-41.744,-43.322,5.737,-1.451,-16.952,-27.070
266.0,266,258,-26.585,-37.855,-53.393,-62.973,-32.611,-36.793,-39.286,-41.070,6.026,-1.061,-14.107,-21.903
267.0,267,259,-27.067,-37.213,-53.473,-61.756,-32.031,-35.981,-38.835,-40.547,4.964,-1.232,-14.638,-21.209
268.0,268,260,-30.997,-39.138,-54.229,-64.962,-34.208,-37.541,-40.468,-42.719,3.211,-1.597,-13.761,-22.243
269.0,269,261,-23.946,-33.389,-51.393,-61.904,-28.882,-33.072,-35.540,-37.325,4.937,-0.317,-15.853,-24.578
270.0,270,262,-26.113,-35.235,-50.472,-61.384,-29.551,-34.817,-36.872,-37.972,3.438,-0.418,-13.600,-23.411
271.0,271,263,-31.751,-38.560,-50.955,-66.008,-32.572,-36.545,-36.447,-41.280,0.821,-2.016,-14.508,-24.728
272.0,272,264,-32.698,-38.556,-50.607,-67.398,-32.988,-36.829,-36.279,-41.737,0.290,-1.727,-14.327,-25.661
273.0,273,265,-29.652,-39.422,-57.310,-71.471,-34.636,-38.920,-41.247,-43.121,4.984,-0.501,-16.063,-28.351
274.0,274,266,-30.052,-41.809,-61.319,-73.216,-34.978,-40.401,-41.815,-43.448,4.926,-1.409,-19.504,-29.768
275.0,275,267,-32.774,-43.752,-62.677,-75.711,-38.886,-42.342,-45.682,-47.346,6.112,-1.410,-16.995,-28.365
276.0,276,268,-32.076,-42.196,-61.831,-75.440,-37.956,-41.372,-44.773,-46.414,5.880,-0.824,-17.059,-29.026
277.0,277,269,-34.119,-42.035,-60.974,-72.222,-38.557,-40.845,-44.828,-47.066,4.437,-1.191,-16.146,-25.155
278.0,278,270,-38.808,-44.451,-62.064,-77.620,-40.712,-43.414,-45.563,-49.216,1.904,-1.037,-16.501,-28.404
279.0,279,271,-39.121,-51.030,-69.351,-84.524,-44.890,-49.299,-50.185,-53.407,5.769,-1.731,-19.167,-31.117
280.0,280,272,-36.805,-49.993,-71.945,-84.997,-43.227,-48.423,-50.016,-51.738,6.422,-1.570,-21.929,-33.259
281.0,281,273,-35.482,-48.033,-65.068,-80.530,-40.582,-46.344,-46.863,-49.124,5.101,-1.688,-18.205,-31.406
282.0,282,274,-33.610,-42.339,-58.029,-72.460,-36.625,-40.947,-43.152,-45.063,3.015,-1.392,-14.877,-27.397
283.0,283,275,-29.076,-36.023,-49.976,-60.344,-31.711,-35.368,-38.895,-40.156,2.635,-0.656,-11.082,-20.188
284.0,284,276,-27.299,-33.960,-45.572,-57.906,-28.369,-32.363,-32.859,-37.002,1.070,-1.597,-12.714,-20.904
285.0,285,277,-28.966,-35.965,-42.505,-55.798,-29.367,-33.860,-36.054,-38.060,0.401,-2.106,-6.450,-17.738
286.0,286,278,-28.605,-37.171,-50.042,-59.858,-30.967,-35.507,-37.875,-39.500,2.362,-1.664,-12.167,-20.357
287.0,287,279,-30.020,-37.508,-53.046,-63.836,-33.273,-36.824,-40.337,-41.741,3.252,-0.684,-12.709,-22.095
288.0,288,280,-26.283,-35.635,-53.287,-62.423,-30.881,-35.577,-37.635,-39.313,4.597,-0.058,-15.652,-23.111
289.0,289,281,-25.138,-32.372,-47.943,-56.785,-28.480,-32.490,-35.462,-36.930,3.342,0.118,-12.480,-19.855
290.0,290,282,-27.102,-35.550,-52.387,-61.952,-31.268,-35.479,-38.423,-39.692,4.167,-0.071,-13.964,-22.260
291.0,291,283,-24.562,-32.869,-48.819,-56.824,-28.743,-32.587,-35.376,-37.168,4.181,-0.282,-13.443,-19.656
292.0,292,284,-24.142,-34.000,-47.574,-55.156,-28.589,-33.093,-35.420,-37.040,4.447,-0.907,-12.154,-18.116
293.0,293,285,-25.289,-35.541,-51.134,-59.742,-29.601,-34.011,-36.451,-38.054,4.312,-1.531,-14.683,-21.688
294.0,294,286,-26.723,-36.048,-52.466,-60.556,-31.969,-36.359,-38.615,-40.435,5.245,0.311,-13.851,-20.121
295.0,295,287,-24.229,-33.894,-47.420,-54.225,-28.395,-33.021,-35.219,-36.879,4.166,-0.874,-12.201,-17.346
296.0,296,288,-24.170,-34.622,-48.400,-56.056,-28.752,-33.063,-35.636,-37.163,4.582,-1.559,-12.763,-18.892
297.0,297,289,-28.374,-37.949,-55.124,-64.027,-32.015,-36.707,-38.511,-40.517,3.640,-1.242,-16.613,-23.510
298.0,298,290,-32.107,-40.808,-57.479,-68.883,-35.130,-39.433,-41.851,-43.609,3.023,-1.375,-15.628,-25.273
299.0,299,291,-29.482,-40.222,-56.633,-67.988,-34.097,-39.040,-41.053,-42.551,4.614,-1.182,-15.580,-25.437
300.0,300,292,-29.320,-39.118,-56.924,-68.055,-34.249,-37.479,-41.031,-42.756,4.929,-1.640,-15.892,-25.298
301.0,301,293,-29.351,-40.712,-56.252,-66.440,-34.333,-39.059,-41.589,-42.808,4.981,-1.653,-14.662,-23.631
302.0,302,294,-37.851,-49.207,-65.402,-76.037,-42.792,-46.969,-49.859,-51.241,4.940,-2.238,-15.543,-24.795
303.0,303,295,-41.822,-53.609,-73.152,-82.966,-47.142,-51.574,-54.171,-55.614,5.320,-2.035,-18.981,-27.353
304.0,304,296,-33.743,-45.838,-67.130,-84.590,-39.603,-44.492,-46.716,-48.078,5.860,-1.346,-20.414,-36.512
305.0,305,297,-34.174,-45.757,-58.411,-74.838,-39.028,-44.432,-46.233,-47.525,4.854,-1.326,-12.178,-27.313
306.0,306,298,-32.385,-42.591,-60.765,-77.693,-35.994,-41.042,-43.715,-44.417,3.609,-1.549,-17.050,-33.276
307.0,307,299,-30.559,-39.283,-51.183,-66.596,-32.649,-38.185,-41.149,-41.026,2.090,-1.099,-10.034,-25.569
308.0,308,300,-29.375,-37.788,-49.104,-66.581,-31.090,-36.233,-36.277,-39.674,1.715,-1.555,-12.826,-26.907
309.0,309,301,-34.027,-43.392,-55.535,-74.090,-36.257,-40.941,-43.261,-44.746,2.229,-2.451,-12.274,-29.344
310.0,310,302,-30.246,-38.395,-44.613,-54.194,-33.706,-37.739,-40.134,-42.071,3.459,-0.656,-4.479,-12.123
311.0,311,303,-30.299,-38.662,-47.334,-56.714,-32.509,-36.433,-37.410,-40.915,2.210,-2.228,-9.924,-15.799
312.0,312,304,-29.212,-39.202,-51.543,-61.377,-33.243,-37.700,-40.069,-41.685,4.031,-1.502,-11.474,-19.692
313.0,313,305,-32.749,-39.717,-52.302,-64.799,-34.306,-38.013,-41.154,-42.865,1.557,-1.704,-11.148,-21.934
314.0,314,306,-33.208,-40.492,-46.366,-60.204,-34.139,-39.023,-42.197,-42.805,0.930,-1.469,-4.168,-17.398
315.0,315,307,-30.515,-38.959,-47.774,-60.925,-32.519,-38.109,-40.184,-40.930,2.004,-0.850,-7.591,-19.994
316.0,316,308,-28.989,-36.858,-52.173,-61.519,-30.842,-35.582,-37.986,-39.276,1.853,-1.276,-14.187,-22.243
317.0,317,309,-28.738,-37.128,-52.026,-62.383,-31.402,-36.467,-38.519,-39.830,2.664,-0.662,-13.507,-22.552
318.0,318,310,-30.339,-39.495,-54.173,-64.729,-32.197,-38.407,-40.743,-40.550,1.858,-1.088,-13.430,-24.179
319.0,319,311,-33.440,-42.217,-61.176,-74.822,-35.686,-41.393,-43.595,-44.053,2.246,-0.824,-17.581,-30.770
320.0,320,312,-34.989,-45.199,-54.958,-71.689,-38.292,-44.051,-45.843,-46.740,3.303,-1.149,-9.115,-24.949
321.0,321,313,-31.968,-39.686,-58.001,-71.016,-33.547,-39.396,-41.915,-41.883,1.579,-0.290,-16.086,-29.133
322.0,322,314,-30.432,-40.242,-56.900,-69.446,-33.635,-39.659,-41.899,-42.005,3.204,-0.583,-15.001,-27.441
323.0,323,315,-27.552,-37.714,-54.019,-65.391,-31.112,-36.556,-38.435,-39.503,3.560,-1.157,-15.585,-25.888
324.0,324,316,-25.888,-37.136,-54.516,-64.752,-30.140,-36.102,-37.153,-38.563,4.252,-1.034,-17.363,-26.189
325.0,325,317,-26.689,-33.465,-45.604,-57.669,-27.768,-32.265,-32.206,-36.425,1.079,-1.200,-13.398,-21.245
326.0,326,318,-25.340,-33.995,-48.088,-56.838,-28.371,-32.875,-34.705,-36.965,3.031,-1.120,-13.383,-19.873
327.0,327,319,-25.427,-33.014,-46.712,-54.593,-26.571,-31.656,-34.636,-34.925,1.144,-1.359,-12.076,-19.668
328.0,328,320,-22.676,-31.203,-38.294,-51.356,-24.277,-30.701,-32.576,-32.627,1.601,-0.501,-5.718,-18.729
329.0,329,321,-25.222,-32.306,-42.239,-51.794,-27.244,-31.485,-35.485,-35.618,2.022,-0.821,-6.754,-16.176
330.0,330,322,-22.028,-30.705,-42.379,-51.892,-23.976,-29.774,-31.232,-32.331,1.948,-0.931,-11.147,-19.561
331.0,331,323,-22.651,-31.266,-45.477,-52.166,-24.058,-31.020,-31.458,-32.391,1.407,-0.246,-14.020,-19.775
332.0,332,324,-24.565,-31.292,-43.087,-53.523,-26.018,-30.054,-30.391,-34.674,1.454,-1.238,-12.697,-18.850
333.0,333,325,-24.317,-32.104,-45.290,-52.682,-26.720,-30.358,-33.039,-35.222,2.403,-1.746,-12.251,-17.460
334.0,334,326,-25.261,-32.418,-45.950,-54.291,-26.955,-31.934,-34.474,-35.381,1.694,-0.484,-11.476,-18.910
335.0,335,327,-25.705,-34.700,-48.017,-57.335,-28.324,-33.813,-35.785,-36.765,2.620,-0.887,-12.231,-20.570
336.0,336,328,-31.609,-39.403,-51.717,-63.425,-34.385,-38.518,-40.998,-42.918,2.776,-0.885,-10.718,-20.506
337.0,337,329,-30.097,-39.100,-54.800,-64.273,-32.060,-37.451,-39.424,-40.463,1.963,-1.649,-15.376,-23.810
338.0,338,330,-29.462,-39.608,-57.242,-68.178,-33.299,-38.811,-40.315,-41.715,3.837,-0.798,-16.927,-26.463
339.0,339,331,-26.851,-36.097,-51.077,-59.272,-30.856,-36.376,-38.169,-39.259,4.006,0.279,-12.907,-20.013
340.0,340,332,-24.935,-33.553,-47.046,-56.176,-27.845,-33.131,-34.649,-36.310,2.910,-0.421,-12.397,-19.865
341.0,341,333,-27.418,-36.355,-51.709,-60.559,-29.154,-34.875,-37.015,-37.547,1.736,-1.479,-14.694,-23.012
342.0,342,334,-31.607,-41.082,-57.023,-68.521,-34.787,-40.159,-41.880,-43.214,3.180,-0.923,-15.143,-25.308
343.0,343,335,-33.553,-44.477,-59.723,-73.103,-38.501,-43.291,-45.646,-46.941,4.948,-1.185,-14.076,-26.162
344.0,344,336,-32.902,-43.265,-57.666,-66.775,-36.897,-41.706,-43.835,-45.369,3.995,-1.559,-13.831,-21.405
345.0,345,337,-28.194,-37.536,-53.847,-63.379,-32.917,-36.397,-39.720,-41.391,4.723,-1.139,-14.127,-21.988
346.0,346,338,-26.973,-35.943,-49.263,-56.662,-31.666,-35.506,-38.185,-40.170,4.693,-0.437,-11.078,-16.492
347.0,347,339,-25.236,-34.774,-49.702,-58.087,-29.502,-33.066,-36.110,-38.002,4.266,-1.707,-13.592,-20.084
348.0,348,340,-23.745,-32.772,-48.113,-55.722,-27.838,-32.264,-34.657,-36.281,4.092,-0.507,-13.457,-19.441
349.0,349,341,-26.042,-34.564,-47.206,-53.748,-29.076,-33.126,-36.079,-37.488,3.034,-1.438,-11.127,-16.260
350.0,350,342,-21.380,-29.804,-44.154,-50.755,-24.119,-29.143,-32.009,-32.523,2.739,-0.661,-12.145,-18.232
351.0,351,343,-22.264,-30.515,-43.085,-50.124,-25.293,-29.956,-32.414,-33.744,3.028,-0.560,-10.670,-16.379
352.0,352,344,-20.105,-29.174,-41.815,-49.468,-23.655,-27.912,-30.003,-32.101,3.550,-1.261,-11.812,-17.367
353.0,353,345,-20.555,-28.575,-39.505,-48.113,-23.678,-27.938,-28.825,-32.281,3.124,-0.638,-10.681,-15.832
354.0,354,346,-22.985,-30.877,-40.627,-47.167,-26.201,-30.855,-31.432,-34.710,3.216,-0.022,-9.195,-12.458
355.0,355,347,-22.833,-29.319,-38.043,-46.600,-23.920,-27.484,-30.144,-32.266,1.087,-1.835,-7.899,-14.334
356.0,356,348,-20.681,-27.526,-35.780,-45.078,-20.865,-25.775,-26.579,-29.342,0.184,-1.751,-9.201,-15.736
357.0,357,349,-21.245,-28.484,-35.457,-46.075,-21.597,-26.291,-27.400,-30.249,0.352,-2.192,-8.057,-15.826
358.0,358,350,-17.071,-26.217,-34.014,-43.656,-20.003,-24.676,-25.489,-28.603,2.932,-1.541,-8.525,-15.052
359.0,359,351,-18.725,-27.797,-32.747,-42.620,-22.052,-26.397,-28.709,-30.629,3.328,-1.400,-4.038,-11.991
360.0,360,352,-17.595,-25.560,-30.759,-41.145,-19.559,-24.726,-27.006,-28.058,1.964,-0.834,-3.753,-13.088
361.0,361,353,-19.358,-25.910,-31.830,-39.718,-20.276,-24.929,-26.918,-28.589,0.918,-0.981,-4.912,-11.129
362.0,362,354,-21.419,-27.974,-35.589,-43.531,-22.293,-26.069,-29.166,-30.904,0.873,-1.905,-6.424,-12.626
363.0,363,355,-37.567,-48.336,-56.803,-60.818,-47.687,-52.508,-54.537,-56.025,10.120,4.172,-2.265,-4.793
364.0,364,356,-13.971,-22.625,-34.386,-39.669,-16.536,-21.976,-24.156,-24.950,2.565,-0.650,-10.230,-14.719
365.0,365,357,-41.246,-47.801,-54.282,-59.248,-40.490,-44.987,-47.471,-48.751,-0.756,-2.814,-6.811,-10.498
366.0,366,358,-14.078,-23.043,-34.316,-39.721,-18.376,-23.030,-25.723,-26.847,4.298,-0.012,-8.593,-12.874
367.0,367,359,-23.648,-32.879,-43.287,-49.406,-24.217,-28.132,-31.171,-32.633,0.570,-4.747,-12.115,-16.774
368.0,368,360,-53.507,-61.312,-66.915,-72.243,-54.000,-57.706,-61.009,-62.263,0.493,-3.606,-5.906,-9.980
369.0,369,361,-60.498,-76.868,-85.177,-88.230,-66.603,-66.816,-73.657,-74.946,6.105,-10.053,-11.520,-13.284
370.0,370,362,-61.775,-78.106,-87.802,-89.350,-68.960,-67.470,-75.870,-77.229,7.185,-10.636,-11.932,-12.121
371.0,371,363,-63.998,-78.680,-87.909,-89.389,-71.196,-68.821,-78.059,-79.435,7.198,-9.859,-9.850,-9.953
372.0,372,364,-41.684,-53.158,-70.237,-82.655,-47.651,-51.667,-54.258,-56.144,5.967,-1.491,-15.980,-26.511
373.0,373,365,-41.236,-52.424,-69.876,-82.085,-46.691,-50.603,-53.301,-55.190,5.455,-1.821,-16.575,-26.895
374.0,374,366,-36.582,-47.754,-63.507,-74.908,-42.229,-46.228,-48.824,-50.722,5.647,-1.527,-14.683,-24.186
375.0,375,367,-40.289,-51.495,-67.324,-78.722,-45.622,-49.578,-52.225,-54.119,5.334,-1.918,-15.099,-24.603
376.0,376,368,-37.515,-48.651,-64.607,-76.487,-43.178,-47.183,-49.795,-51.675,5.663,-1.468,-14.812,-24.812
377.0,377,369,-39.271,-50.359,-66.143,-77.221,-44.534,-48.516,-51.115,-53.029,5.263,-1.842,-15.027,-24.192
378.0,378,370,-29.230,-41.580,-56.841,-67.686,-34.345,-39.848,-41.570,-42.823,5.115,-1.732,-15.271,-24.863
379.0,379,371,-37.669,-48.246,-61.004,-71.224,-42.311,-46.269,-49.183,-50.784,4.641,-1.977,-11.820,-20.440
380.0,380,372,-32.261,-42.191,-58.437,-67.562,-37.462,-41.794,-44.244,-45.942,5.201,-0.397,-14.194,-21.620
381.0,381,373,-34.543,-43.666,-59.788,-69.921,-39.257,-43.014,-45.967,-47.726,4.714,-0.651,-13.821,-22.195
382.0,382,374,-36.358,-46.993,-62.411,-72.362,-40.958,-44.842,-47.573,-49.456,4.600,-2.152,-14.837,-22.907
383.0,383,375,-29.421,-39.556,-55.129,-65.116,-35.920,-38.573,-42.779,-44.370,6.500,-0.984,-12.349,-20.746
384.0,384,376,-33.991,-44.847,-59.978,-69.963,-38.896,-42.432,-45.863,-47.357,4.905,-2.414,-14.115,-22.606
385.0,385,377,-35.265,-46.735,-61.510,-72.012,-41.054,-45.504,-48.035,-49.513,5.789,-1.231,-13.475,-22.499
386.0,386,378,-31.209,-41.256,-57.448,-67.423,-37.499,-40.192,-44.376,-45.951,6.289,-1.064,-13.073,-21.472
387.0,387,379,-24.641,-37.277,-51.459,-60.035,-31.168,-36.189,-37.747,-39.697,6.527,-1.088,-13.712,-20.338
388.0,388,380,-27.223,-38.672,-51.553,-59.427,-32.467,-36.687,-39.098,-41.016,5.243,-1.984,-12.454,-18.412
389.0,389,381,-30.861,-42.368,-56.555,-66.894,-35.454,-39.810,-42.443,-43.954,4.593,-2.557,-14.113,-22.940
390.0,390,382,-26.284,-36.805,-51.483,-58.996,-31.447,-35.865,-38.414,-39.913,5.163,-0.940,-13.068,-19.083
391.0,391,383,-28.529,-37.627,-52.863,-61.241,-31.428,-35.578,-38.736,-39.877,2.898,-2.050,-14.127,-21.364
392.0,392,384,-26.618,-35.999,-49.535,-58.017,-32.008,-35.514,-39.084,-40.441,5.390,-0.485,-10.451,-17.576
393.0,393,385,-25.258,-34.747,-48.640,-56.313,-30.433,-34.219,-37.469,-38.905,5.175,-0.527,-11.171,-17.408
394.0,394,386,-30.714,-40.644,-55.158,-64.290,-34.645,-39.022,-41.471,-43.134,3.931,-1.622,-13.687,-21.156
395.0,395,387,-29.103,-39.797,-54.442,-61.966,-34.617,-39.577,-41.692,-43.068,5.514,-0.219,-12.750,-18.898
396.0,396,388,-26.818,-37.759,-54.159,-62.255,-30.286,-35.325,-37.367,-38.734,3.467,-2.434,-16.791,-23.521
397.0,397,389,-28.402,-37.612,-52.226,-61.674,-33.016,-36.447,-39.806,-41.497,4.614,-1.164,-12.420,-20.177
398.0,398,390,-27.639,-38.728,-52.499,-62.206,-33.861,-37.631,-40.633,-42.350,6.222,-1.096,-11.867,-19.856
399.0,399,391,-31.371,-43.711,-59.881,-70.491,-36.502,-41.093,-43.413,-44.972,5.131,-2.618,-16.467,-25.519
400.0,400,392,-31.639,-42.569,-58.899,-70.142,-37.236,-41.993,-44.314,-45.716,5.597,-0.576,-14.585,-24.426
401.0,401,393,-29.213,-39.807,-56.271,-66.337,-33.648,-38.234,-40.599,-42.125,4.435,-1.573,-15.672,-24.212
402.0,402,394,-25.250,-35.918,-50.854,-58.914,-30.257,-34.731,-37.145,-38.733,5.006,-1.187,-13.708,-20.181
403.0,403,395,-24.410,-34.947,-48.492,-57.127,-29.466,-33.908,-36.000,-37.966,5.056,-1.039,-12.492,-19.161
404.0,404,396,-27.008,-36.484,-51.369,-59.464,-30.703,-35.164,-37.723,-39.151,3.695,-1.320,-13.646,-20.313
405.0,405,397,-22.433,-32.017,-46.317,-53.900,-27.067,-31.336,-34.037,-35.531,4.635,-0.680,-12.281,-18.370
406.0,406,398,-27.245,-35.385,-49.468,-56.474,-31.493,-34.732,-38.813,-39.909,4.248,-0.652,-10.655,-16.565
407.0,407,399,-27.556,-34.454,-49.860,-55.681,-30.258,-32.982,-37.506,-38.739,2.702,-1.472,-12.354,-16.941
408.0,408,400,-22.155,-31.562,-45.935,-52.251,-26.778,-30.281,-33.585,-35.279,4.623,-1.281,-12.350,-16.971
409.0,409,401,-27.445,-39.271,-53.842,-62.046,-31.921,-37.135,-38.623,-40.445,4.476,-2.136,-15.219,-21.601
410.0,410,402,-27.445,-36.352,-51.187,-58.975,-30.908,-35.569,-38.080,-39.364,3.463,-0.783,-13.107,-19.611
411.0,411,403,-27.328,-37.402,-53.169,-61.434,-31.460,-36.166,-38.816,-39.909,4.132,-1.236,-14.352,-21.524
412.0,412,404,-30.491,-40.748,-55.469,-65.115,-34.089,-38.444,-40.798,-42.576,3.598,-2.304,-14.671,-22.539
413.0,413,405,-29.111,-39.394,-54.537,-63.626,-33.086,-38.136,-40.195,-41.550,3.975,-1.259,-14.342,-22.076
414.0,414,406,-26.786,-37.566,-53.499,-63.663,-32.921,-37.581,-39.721,-41.395,6.135,0.015,-13.778,-22.268
415.0,415,407,-26.586,-35.515,-50.043,-59.145,-30.158,-34.115,-37.056,-38.605,3.572,-1.400,-12.987,-20.540
416.0,416,408,-22.296,-32.801,-44.879,-51.680,-26.937,-31.999,-34.031,-35.369,4.641,-0.801,-10.848,-16.311
417.0,417,409,-21.800,-31.065,-42.881,-49.274,-25.596,-30.342,-32.093,-34.103,3.795,-0.723,-10.788,-15.171
418.0,418,410,-21.156,-29.807,-41.362,-48.373,-23.667,-28.204,-30.438,-32.208,2.511,-1.603,-10.924,-16.165
419.0,419,411,-29.015,-38.975,-54.186,-63.351,-33.149,-37.446,-39.957,-41.642,4.134,-1.529,-14.229,-21.709
420.0,420,412,-30.728,-43.589,-59.826,-72.083,-35.606,-41.586,-42.648,-44.089,4.878,-2.003,-17.178,-27.994
421.0,421,413,-33.885,-44.877,-60.529,-75.265,-38.114,-43.385,-45.762,-46.544,4.229,-1.492,-14.767,-28.721
422.0,422,414,-35.511,-46.106,-62.719,-75.757,-40.985,-46.083,-48.120,-49.431,5.474,-0.022,-14.599,-26.325
423.0,423,415,-31.533,-42.763,-59.359,-72.044,-35.031,-40.607,-42.422,-43.484,3.499,-2.156,-16.937,-28.560
424.0,424,416,-27.114,-37.622,-52.834,-62.686,-32.345,-36.726,-39.187,-40.828,5.231,-0.896,-13.647,-21.858
425.0,425,417,-23.460,-33.228,-47.723,-55.607,-30.364,-33.633,-37.186,-38.848,6.904,0.405,-10.537,-16.760
426.0,426,418,-21.123,-32.286,-43.854,-50.364,-24.874,-30.303,-31.933,-33.334,3.751,-1.983,-11.920,-17.031
427.0,427,419,-18.969,-27.206,-39.578,-45.735,-22.647,-26.766,-29.107,-31.165,3.678,-0.440,-10.470,-14.570
428.0,428,420,-21.278,-29.364,-43.162,-50.869,-23.954,-27.474,-30.513,-32.441,2.676,-1.890,-12.650,-18.427
429.0,429,421,-28.452,-38.873,-53.189,-62.243,-31.584,-36.977,-38.738,-40.033,3.132,-1.896,-14.451,-22.210
430.0,430,422,-31.600,-42.045,-56.937,-67.427,-36.497,-40.978,-43.323,-44.953,4.897,-1.067,-13.614,-22.474
431.0,431,423,-31.470,-43.268,-60.394,-72.110,-36.730,-41.416,-43.808,-45.204,5.260,-1.853,-16.586,-26.906
432.0,432,424,-35.896,-47.288,-63.436,-74.494,-41.095,-45.938,-48.125,-49.561,5.199,-1.350,-15.312,-24.933
433.0,433,425,-33.069,-42.854,-57.515,-68.002,-36.361,-41.750,-42.517,-44.872,3.292,-1.104,-14.998,-23.129
434.0,434,426,-32.231,-43.357,-62.460,-75.034,-37.403,-42.410,-44.457,-45.893,5.172,-0.947,-18.003,-29.141
435.0,435,427,-28.211,-37.231,-53.108,-61.426,-32.119,-36.421,-38.689,-40.628,3.908,-0.810,-14.420,-20.799
436.0,436,428,-28.164,-37.637,-55.503,-68.272,-32.077,-36.634,-39.383,-40.539,3.913,-1.003,-16.120,-27.733
437.0,437,429,-28.477,-38.368,-56.273,-64.166,-32.229,-37.538,-38.834,-40.689,3.753,-0.830,-17.439,-23.477
438.0,438,430,-31.924,-40.055,-56.912,-66.140,-34.846,-38.572,-41.244,-43.310,2.922,-1.483,-15.668,-22.830
439.0,439,431,-31.217,-38.985,-56.532,-69.092,-35.384,-37.972,-42.233,-43.822,4.167,-1.013,-14.298,-25.270
440.0,440,432,-28.922,-37.821,-55.092,-65.186,-33.378,-37.539,-40.547,-41.780,4.457,-0.282,-14.546,-23.406
441.0,441,433,-24.310,-32.790,-50.406,-58.724,-28.456,-32.936,-35.327,-36.848,4.147,0.146,-15.079,-21.876
442.0,442,434,-28.148,-37.600,-52.243,-61.286,-29.859,-37.128,-37.481,-38.182,1.710,-0.471,-14.762,-23.103
443.0,443,435,-28.703,-37.629,-49.560,-61.405,-31.942,-36.966,-39.448,-40.477,3.240,-0.663,-10.112,-20.928
444.0,444,436,-30.863,-37.750,-50.889,-60.535,-32.744,-35.809,-37.890,-41.307,1.882,-1.940,-12.999,-19.228
445.0,445,437,-27.618,-36.076,-45.570,-59.983,-29.009,-34.756,-36.098,-37.412,1.391,-1.320,-9.472,-22.571
446.0,446,438,-28.565,-36.503,-44.999,-59.394,-29.337,-35.048,-36.819,-37.704,0.771,-1.455,-8.180,-21.689
447.0,447,439,-30.630,-39.254,-51.605,-66.836,-32.564,-38.015,-38.232,-41.063,1.934,-1.239,-13.373,-25.773
448.0,448,440,-30.806,-38.718,-52.810,-66.978,-32.992,-37.637,-39.014,-41.466,2.186,-1.081,-13.796,-25.513
449.0,449,441,-29.408,-37.784,-48.745,-63.527,-32.470,-36.197,-38.644,-40.924,3.062,-1.588,-10.101,-22.603
450.0,450,442,-30.172,-38.769,-52.098,-63.155,-33.725,-38.075,-39.539,-42.235,3.552,-0.693,-12.559,-20.920
451.0,451,443,-29.549,-38.682,-49.584,-63.733,-31.948,-37.115,-38.416,-40.489,2.400,-1.567,-11.168,-23.244
452.0,452,444,-29.335,-38.869,-52.989,-66.806,-32.805,-37.833,-39.334,-41.290,3.470,-1.036,-13.655,-25.516
453.0,453,445,-26.217,-36.383,-50.485,-60.629,-30.174,-35.289,-36.327,-38.650,3.957,-1.094,-14.158,-21.978
454.0,454,446,-24.171,-33.981,-48.256,-57.525,-27.722,-33.166,-34.547,-36.209,3.551,-0.815,-13.709,-21.316
455.0,455,447,-29.844,-35.098,-49.589,-59.756,-30.170,-33.193,-34.575,-38.803,0.327,-1.905,-15.015,-20.954
456.0,456,448,-24.070,-32.500,-48.994,-57.443,-27.174,-31.352,-33.513,-35.661,3.104,-1.149,-15.481,-21.782
457.0,457,449,-25.417,-33.497,-48.556,-56.397,-26.602,-32.139,-33.620,-35.005,1.185,-1.358,-14.936,-21.392
458.0,458,450,-27.213,-33.954,-48.841,-57.530,-28.592,-33.053,-35.261,-37.048,1.379,-0.901,-13.579,-20.481
459.0,459,451,-22.229,-32.142,-43.676,-53.531,-26.134,-31.136,-32.892,-34.675,3.904,-1.006,-10.784,-18.856
460.0,460,452,-24.406,-33.683,-49.687,-59.867,-28.234,-32.995,-35.593,-36.632,3.828,-0.688,-14.093,-23.235
461.0,461,453,-21.907,-30.993,-42.329,-51.613,-25.743,-30.096,-32.876,-34.205,3.836,-0.897,-9.453,-17.409
462.0,462,454,-23.659,-32.144,-38.150,-50.941,-26.413,-30.864,-33.145,-35.075,2.754,-1.281,-5.005,-15.866
463.0,463,455,-23.040,-32.019,-40.741,-53.272,-25.545,-30.802,-32.215,-34.167,2.505,-1.217,-8.526,-19.106
464.0,464,456,-25.361,-33.843,-46.482,-56.115,-27.734,-33.001,-34.709,-36.173,2.374,-0.842,-11.773,-19.942
465.0,465,457,-22.730,-30.840,-42.022,-53.720,-24.803,-30.032,-31.456,-33.286,2.073,-0.808,-10.566,-20.434
466.0,466,458,-20.828,-29.970,-43.399,-51.002,-24.338,-28.945,-30.930,-32.826,3.510,-1.025,-12.469,-18.176
467.0,467,459,-20.945,-29.539,-38.940,-50.489,-23.670,-28.506,-31.397,-32.064,2.725,-1.033,-7.544,-18.424
468.0,468,460,-21.278,-31.194,-45.378,-54.037,-25.166,-30.337,-32.034,-33.597,3.887,-0.857,-13.344,-20.439
469.0,469,461,-20.453,-28.217,-39.866,-47.250,-23.032,-27.253,-30.649,-31.405,2.579,-0.964,-9.217,-15.845
470.0,470,462,-19.631,-28.798,-43.169,-49.493,-23.521,-28.326,-30.602,-31.999,3.890,-0.472,-12.568,-17.494
471.0,471,463,-19.951,-28.902,-42.157,-50.576,-23.653,-27.854,-29.228,-32.142,3.702,-1.048,-12.929,-18.434
472.0,472,464,-21.062,-28.980,-36.167,-48.809,-23.805,-28.156,-30.450,-32.237,2.743,-0.823,-5.717,-16.572
473.0,473,465,-16.904,-25.629,-31.134,-37.611,-19.995,-24.681,-27.077,-28.565,3.091,-0.948,-4.057,-9.046
474.0,474,466,-19.445,-26.741,-33.301,-43.383,-20.125,-24.988,-26.836,-28.684,0.680,-1.753,-6.465,-14.699
475.0,475,467,-23.458,-29.842,-39.140,-48.764,-23.314,-28.120,-31.141,-31.851,-0.144,-1.722,-7.999,-16.913
476.0,476,468,-22.822,-31.861,-47.190,-55.266,-27.515,-31.661,-34.609,-35.942,4.693,-0.200,-12.581,-19.324
477.0,477,469,-16.507,-25.429,-35.919,-44.653,-19.763,-23.985,-25.409,-28.273,3.257,-1.444,-10.510,-16.381
478.0,478,470,-17.222,-24.700,-32.845,-43.187,-18.224,-22.906,-24.587,-26.801,1.002,-1.794,-8.258,-16.386
479.0,479,471,-18.007,-26.692,-38.239,-44.819,-21.008,-25.738,-27.905,-29.382,3.001,-0.954,-10.333,-15.437
480.0,480,472,-19.537,-30.526,-43.027,-48.808,-23.671,-29.496,-30.917,-32.070,4.134,-1.029,-12.110,-16.737
481.0,481,473,-21.023,-30.765,-43.679,-50.065,-24.779,-29.013,-31.510,-33.287,3.757,-1.753,-12.169,-16.777
482.0,482,474,-23.030,-33.847,-45.462,-51.712,-27.997,-32.273,-34.809,-36.552,4.967,-1.574,-10.653,-15.160
483.0,483,475,-25.073,-34.974,-46.929,-52.732,-28.697,-32.985,-35.661,-37.273,3.624,-1.988,-11.268,-15.459
484.0,484,476,-27.018,-36.350,-50.812,-57.408,-31.085,-34.719,-37.820,-39.540,4.067,-1.631,-12.991,-17.868
485.0,485,477,-29.141,-40.877,-54.591,-62.813,-34.072,-38.854,-41.082,-42.576,4.931,-2.024,-13.510,-20.237
486.0,486,478,-31.083,-42.850,-57.165,-65.210,-36.091,-41.055,-43.164,-44.605,5.008,-1.796,-14.001,-20.605
487.0,487,479,-38.500,-48.314,-60.954,-70.299,-42.317,-46.303,-48.795,-50.833,3.818,-2.011,-12.159,-19.466
488.0,488,480,-35.833,-48.327,-63.354,-75.023,-40.845,-46.357,-48.080,-49.318,5.011,-1.969,-15.274,-25.705
489.0,489,481,-42.194,-53.158,-66.933,-79.020,-46.474,-51.948,-53.114,-54.935,4.280,-1.210,-13.819,-24.085
490.0,490,482,-45.488,-56.692,-70.793,-82.018,-49.412,-55.231,-55.980,-57.886,3.923,-1.461,-14.814,-24.133
491.0,491,483,-35.131,-44.682,-62.699,-78.992,-39.863,-44.289,-45.698,-48.310,4.731,-0.394,-17.001,-30.682
492.0,492,484,-29.828,-39.641,-58.080,-69.880,-35.316,-38.813,-42.744,-43.730,5.487,-0.828,-15.337,-26.150
493.0,493,485,-29.338,-37.818,-55.281,-70.033,-32.019,-36.971,-40.380,-40.419,2.681,-0.847,-14.901,-29.615
494.0,494,486,-29.913,-37.324,-53.821,-65.269,-32.240,-36.443,-39.740,-40.648,2.327,-0.881,-14.080,-24.621
495.0,495,487,-27.196,-37.312,-55.036,-67.191,-31.444,-36.316,-38.669,-39.893,4.248,-0.995,-16.368,-27.299
496.0,496,488,-27.669,-36.765,-54.113,-66.582,-31.348,-35.798,-38.348,-39.805,3.678,-0.967,-15.764,-26.776
497.0,497,489,-25.287,-33.392,-48.134,-58.024,-28.454,-32.811,-36.666,-36.851,3.168,-0.581,-11.468,-21.173
498.0,498,490,-25.658,-34.742,-50.399,-60.578,-28.895,-33.375,-36.484,-37.289,3.236,-1.367,-13.914,-23.289
499.0,499,491,-25.031,-32.078,-47.831,-55.922,-27.721,-31.125,-34.476,-36.186,2.690,-0.953,-13.355,-19.736
500.0,500,492,-22.907,-31.642,-48.410,-56.885,-27.301,-30.636,-34.460,-35.753,4.394,-1.006,-13.950,-21.133
501.0,501,493,-22.854,-32.182,-48.632,-57.737,-26.566,-30.710,-33.837,-34.974,3.712,-1.472,-14.796,-22.763
502.0,502,494,-27.536,-36.497,-47.483,-62.749,-30.441,-35.112,-37.763,-38.842,2.905,-1.384,-9.720,-23.907
503.0,503,495,-31.648,-39.068,-49.025,-62.321,-33.797,-38.144,-39.699,-42.267,2.148,-0.923,-9.327,-20.053
504.0,504,496,-27.232,-35.888,-53.295,-61.690,-31.341,-35.923,-38.163,-39.735,4.109,0.035,-15.132,-21.954
505.0,505,497,-23.940,-35.514,-52.382,-63.091,-29.612,-34.664,-36.248,-38.124,5.672,-0.850,-16.133,-24.967
506.0,506,498,-22.875,-33.023,-48.848,-57.163,-26.194,-32.855,-33.285,-34.596,3.318,-0.168,-15.563,-22.567
507.0,507,499,-20.730,-32.033,-48.664,-58.236,-25.116,-30.746,-31.980,-33.599,4.386,-1.287,-16.684,-24.637
508.0,508,500,-25.236,-34.635,-51.538,-61.193,-28.548,-33.485,-35.548,-36.980,3.311,-1.150,-15.990,-24.213
509.0,509,501,-24.465,-33.140,-45.285,-58.243,-26.771,-32.423,-34.507,-35.152,2.306,-0.717,-10.778,-23.092
510.0,510,502,-24.524,-31.985,-45.317,-53.925,-26.103,-30.958,-33.606,-34.521,1.579,-1.027,-11.711,-19.404
511.0,511,503,-25.024,-32.413,-46.566,-53.809,-28.088,-31.065,-34.975,-36.512,3.064,-1.348,-11.591,-17.297
512.0,512,504,-23.457,-31.595,-40.973,-52.917,-26.064,-30.931,-33.935,-34.407,2.606,-0.663,-7.038,-18.510
513.0,513,505,-23.696,-34.407,-44.496,-57.178,-28.050,-32.924,-34.803,-36.480,4.354,-1.483,-9.693,-20.698
514.0,514,506,-26.819,-36.407,-45.659,-59.081,-30.533,-34.918,-37.335,-38.951,3.714,-1.489,-8.324,-20.131
515.0,515,507,-28.592,-38.763,-49.250,-64.815,-32.543,-37.445,-39.609,-40.972,3.951,-1.318,-9.641,-23.843
516.0,516,508,-29.414,-40.626,-52.853,-67.659,-34.277,-38.936,-41.006,-42.804,4.863,-1.690,-11.847,-24.854
517.0,517,509,-17.636,-27.362,-40.060,-44.868,-22.133,-26.756,-28.972,-30.677,4.497,-0.607,-11.088,-14.191
518.0,518,510,-13.862,-22.669,-30.623,-38.374,-17.882,-21.853,-24.829,-26.480,4.020,-0.816,-5.794,-11.894
519.0,519,511,-16.328,-24.950,-35.179,-43.024,-18.783,-23.032,-25.586,-27.367,2.455,-1.919,-9.593,-15.656
520.0,520,512,-15.253,-25.406,-34.654,-41.321,-19.548,-24.112,-26.403,-28.032,4.295,-1.294,-8.251,-13.289
521.0,521,513,-14.449,-26.122,-35.760,-42.151,-19.373,-24.511,-25.909,-27.889,4.925,-1.611,-9.851,-14.261
522.0,522,514,-14.837,-24.132,-36.357,-42.600,-18.723,-23.399,-25.438,-27.241,3.887,-0.732,-10.919,-15.358
523.0,523,515,-15.229,-24.357,-32.766,-40.705,-18.277,-23.416,-25.342,-26.738,3.049,-0.941,-7.424,-13.967
524.0,524,516,-16.634,-25.559,-36.621,-44.403,-18.030,-24.227,-27.191,-26.373,1.396,-1.332,-9.429,-18.030
525.0,525,517,-16.627,-25.078,-36.026,-44.381,-19.387,-23.555,-24.125,-27.955,2.760,-1.523,-11.901,-16.425
526.0,526,518,-17.938,-24.854,-35.209,-43.927,-20.106,-23.649,-23.991,-28.739,2.168,-1.206,-11.218,-15.189
527.0,527,519,-15.832,-24.806,-36.544,-42.915,-19.464,-23.454,-25.874,-27.967,3.632,-1.353,-10.670,-14.948
528.0,528,520,-15.348,-24.525,-33.157,-42.606,-19.572,-24.336,-27.446,-27.940,4.224,-0.189,-5.711,-14.667
529.0,529,521,-18.583,-27.256,-37.165,-45.220,-19.998,-24.835,-27.489,-28.333,1.415,-2.422,-9.676,-16.888
530.0,530,522,-16.395,-27.032,-38.520,-45.669,-21.009,-26.096,-28.299,-29.440,4.614,-0.936,-10.221,-16.229
531.0,531,523,-15.914,-26.794,-38.023,-45.644,-20.423,-25.298,-27.386,-28.861,4.509,-1.496,-10.637,-16.783
532.0,532,524,-19.684,-31.112,-42.726,-50.195,-24.147,-29.119,-31.289,-32.599,4.464,-1.993,-11.437,-17.596
533.0,533,525,-24.507,-35.606,-49.780,-59.833,-29.082,-33.654,-35.865,-37.565,4.576,-1.952,-13.915,-22.268
534.0,534,526,-29.530,-38.253,-54.447,-65.678,-32.932,-37.530,-39.710,-41.377,3.402,-0.722,-14.737,-24.301
535.0,535,527,-30.761,-39.672,-56.799,-68.437,-35.164,-38.833,-42.189,-43.600,4.403,-0.839,-14.611,-24.836
536.0,536,528,-29.456,-39.882,-56.316,-68.023,-34.113,-38.520,-40.827,-42.594,4.657,-1.362,-15.489,-25.430
537.0,537,529,-30.846,-38.541,-53.480,-64.716,-33.749,-37.749,-41.011,-42.221,2.903,-0.792,-12.469,-22.496
538.0,538,530,-29.275,-39.276,-54.811,-65.679,-33.791,-38.402,-40.577,-42.287,4.515,-0.874,-14.234,-23.393
539.0,539,531,-29.080,-38.405,-55.239,-66.513,-34.081,-37.966,-41.013,-42.549,5.001,-0.439,-14.225,-23.964
540.0,540,532,-28.139,-37.465,-55.679,-67.746,-31.190,-36.510,-38.413,-39.602,3.051,-0.955,-17.266,-28.144
541.0,541,533,-28.346,-38.707,-53.598,-66.122,-32.927,-37.229,-39.819,-41.399,4.581,-1.478,-13.779,-24.724
542.0,542,534,-30.042,-38.454,-54.023,-66.583,-33.496,-37.770,-40.529,-41.951,3.454,-0.684,-13.494,-24.633
543.0,543,535,-30.691,-39.808,-57.864,-70.402,-35.046,-39.496,-41.963,-43.493,4.355,-0.312,-15.900,-26.910
544.0,544,536,-31.408,-41.482,-59.304,-70.858,-35.924,-39.904,-42.550,-44.428,4.516,-1.577,-16.754,-26.429
545.0,545,537,-31.846,-42.687,-59.962,-73.110,-36.698,-41.273,-43.553,-45.183,4.851,-1.414,-16.408,-27.927
546.0,546,538,-33.063,-43.907,-61.798,-74.904,-37.989,-42.823,-44.698,-46.495,4.926,-1.084,-17.100,-28.409
547.0,547,539,-36.609,-46.784,-64.035,-77.967,-41.145,-45.549,-47.969,-49.623,4.536,-1.235,-16.066,-28.344
548.0,548,540,-33.794,-44.640,-65.253,-78.116,-39.185,-44.428,-45.833,-47.641,5.392,-0.212,-19.420,-30.475
549.0,549,541,-34.093,-45.613,-64.665,-77.708,-38.668,-44.370,-45.546,-47.136,4.575,-1.243,-19.119,-30.572
550.0,550,542,-39.935,-47.974,-54.777,-66.687,-41.297,-47.652,-48.540,-49.992,1.362,-0.321,-6.237,-16.696
551.0,551,543,-41.252,-48.484,-62.795,-72.428,-42.467,-47.892,-50.938,-50.927,1.215,-0.592,-11.857,-21.501
552.0,552,544,-37.962,-46.709,-54.923,-69.233,-39.915,-45.872,-47.465,-48.543,1.952,-0.837,-7.457,-20.690
553.0,553,545,-37.422,-44.030,-47.939,-55.273,-39.229,-43.185,-45.069,-47.286,1.807,-0.845,-2.870,-7.986
554.0,554,546,-35.654,-43.721,-51.656,-63.958,-36.897,-43.115,-44.600,-45.443,1.244,-0.606,-7.056,-18.515
555.0,555,547,-34.883,-43.923,-56.955,-74.820,-36.479,-42.605,-44.911,-44.836,1.596,-1.318,-12.044,-29.984
556.0,556,548,-43.184,-50.486,-59.756,-78.217,-43.017,-48.767,-50.462,-51.415,-0.167,-1.719,-9.294,-26.802
557.0,557,549,-43.623,-49.116,-64.437,-83.932,-42.820,-48.088,-49.500,-51.257,-0.803,-1.028,-14.937,-32.675
558.0,558,550,-41.156,-47.370,-54.066,-67.423,-39.570,-46.192,-48.368,-48.014,-1.586,-1.177,-5.697,-19.409
559.0,559,551,-42.100,-49.877,-59.197,-74.888,-43.111,-49.633,-51.755,-51.560,1.011,-0.244,-7.442,-23.328
560.0,560,552,-36.160,-45.448,-59.819,-75.839,-39.019,-43.990,-46.198,-47.514,2.860,-1.459,-13.621,-28.326
561.0,561,553,-33.483,-46.290,-59.938,-72.968,-37.123,-44.563,-44.057,-45.605,3.639,-1.726,-15.881,-27.363
562.0,562,554,-33.059,-42.495,-55.424,-72.606,-35.844,-41.148,-42.529,-44.360,2.785,-1.347,-12.895,-28.246
563.0,563,555,-32.835,-39.965,-54.589,-68.229,-35.173,-39.373,-40.779,-43.728,2.338,-0.592,-13.810,-24.501
564.0,564,556,-32.548,-39.778,-55.957,-66.784,-34.988,-38.973,-41.356,-43.490,2.440,-0.806,-14.601,-23.293
565.0,565,557,-39.580,-49.010,-66.598,-80.673,-42.504,-46.528,-48.902,-50.977,2.925,-2.482,-17.696,-29.696
566.0,566,558,-35.846,-42.336,-58.970,-72.295,-35.279,-41.793,-45.525,-43.601,-0.567,-0.542,-13.445,-28.694
567.0,567,559,-36.369,-45.270,-60.398,-73.156,-36.692,-44.923,-44.597,-45.021,0.323,-0.346,-15.801,-28.135
568.0,568,560,-37.691,-45.554,-57.400,-70.079,-36.934,-43.886,-43.577,-45.480,-0.756,-1.668,-13.823,-24.599
569.0,569,561,-31.038,-38.894,-51.718,-63.626,-31.678,-38.237,-38.672,-40.089,0.641,-0.657,-13.046,-23.537
570.0,570,562,-25.865,-36.166,-52.982,-64.257,-29.605,-35.703,-36.944,-38.011,3.740,-0.464,-16.038,-26.247
571.0,571,563,-28.347,-38.842,-57.035,-67.837,-32.529,-38.441,-39.221,-40.939,4.182,-0.401,-17.814,-26.898
572.0,572,564,-35.612,-45.264,-55.546,-65.697,-38.022,-44.403,-44.412,-46.466,2.410,-0.860,-11.134,-19.231
573.0,573,565,-39.078,-45.802,-51.168,-60.106,-40.521,-44.023,-47.282,-48.692,1.444,-1.780,-3.886,-11.414
574.0,574,566,-34.289,-43.572,-53.352,-65.243,-34.282,-43.035,-41.984,-42.652,-0.007,-0.537,-11.368,-22.590
575.0,575,567,-30.540,-39.130,-53.780,-65.046,-33.514,-38.297,-40.677,-41.962,2.974,-0.834,-13.103,-23.083
576.0,576,568,-34.349,-41.573,-54.353,-70.428,-35.713,-40.171,-43.177,-44.170,1.364,-1.402,-11.177,-26.258
577.0,577,569,-29.446,-38.692,-56.284,-70.884,-33.069,-38.738,-39.689,-41.505,3.622,0.046,-16.595,-29.379
578.0,578,570,-27.011,-35.990,-51.174,-64.099,-30.605,-35.638,-36.529,-39.120,3.594,-0.352,-14.645,-24.979
579.0,579,571,-21.889,-30.815,-49.730,-59.975,-25.682,-30.318,-31.956,-34.139,3.793,-0.496,-17.774,-25.836
580.0,580,572,-25.269,-34.653,-52.004,-62.374,-28.463,-33.530,-35.081,-36.919,3.194,-1.123,-16.924,-25.455
581.0,581,573,-28.753,-39.501,-57.959,-71.203,-33.564,-38.414,-40.472,-42.016,4.811,-1.087,-17.487,-29.187
582.0,582,574,-33.988,-42.476,-60.511,-72.726,-38.630,-41.602,-44.997,-47.114,4.642,-0.874,-15.514,-25.612
583.0,583,575,-32.410,-42.438,-60.845,-77.103,-35.765,-40.754,-43.031,-44.205,3.355,-1.684,-17.814,-32.898
584.0,584,576,-32.355,-43.306,-64.973,-79.418,-37.307,-42.318,-44.097,-45.778,4.952,-0.988,-20.876,-33.640
585.0,585,577,-33.812,-43.246,-64.570,-76.958,-40.298,-43.021,-47.124,-48.761,6.486,-0.225,-17.446,-28.197
586.0,586,578,-34.091,-45.358,-65.491,-80.680,-39.425,-43.184,-46.294,-47.908,5.334,-2.174,-19.197,-32.772
587.0,587,579,-38.668,-48.883,-69.507,-83.510,-41.127,-47.896,-48.373,-49.521,2.459,-0.987,-21.134,-33.989
588.0,588,580,-41.632,-48.479,-62.290,-76.486,-45.900,-48.273,-52.844,-54.361,4.268,-0.206,-9.446,-22.125
589.0,589,581,-46.392,-53.103,-59.987,-70.049,-45.724,-51.783,-53.060,-54.549,-0.667,-1.320,-6.928,-15.501
590.0,590,582,-45.451,-51.594,-62.699,-77.792,-45.165,-50.705,-54.174,-53.597,-0.286,-0.889,-8.525,-24.195
591.0,591,583,-37.901,-45.781,-52.744,-58.509,-40.960,-45.299,-48.054,-49.089,3.059,-0.483,-4.691,-9.419
592.0,592,584,-38.622,-45.990,-56.444,-64.782,-40.741,-45.154,-47.365,-49.109,2.119,-0.836,-9.079,-15.673
593.0,593,585,-35.255,-43.975,-53.711,-69.372,-36.773,-42.845,-44.712,-45.188,1.519,-1.129,-9.000,-24.184
594.0,594,586,-36.618,-45.084,-55.785,-73.939,-38.826,-44.113,-46.590,-47.223,2.208,-0.971,-9.195,-26.715
595.0,595,587,-32.265,-42.661,-55.424,-68.896,-35.568,-42.140,-41.761,-44.070,3.303,-0.520,-13.664,-24.826
596.0,596,588,-31.877,-38.207,-54.147,-61.114,-34.531,-38.186,-41.359,-42.962,2.654,-0.021,-12.789,-18.151
597.0,597,589,-29.275,-35.746,-48.778,-57.495,-31.757,-34.837,-38.433,-40.250,2.482,-0.909,-10.345,-17.245
598.0,598,590,-30.587,-38.480,-50.001,-57.768,-31.874,-36.596,-37.780,-40.301,1.287,-1.884,-12.222,-17.467
599.0,599,591,-33.077,-42.579,-56.018,-70.359,-36.521,-41.665,-43.300,-45.008,3.444,-0.914,-12.718,-25.351
600.0,600,592,-29.781,-42.125,-53.877,-62.063,-32.971,-41.169,-40.370,-41.369,3.191,-0.956,-13.507,-20.695
601.0,601,593,-29.886,-38.114,-48.112,-62.366,-31.260,-36.977,-38.534,-39.703,1.374,-1.137,-9.578,-22.663
602.0,602,594,-31.525,-38.210,-48.214,-60.901,-32.678,-36.881,-38.408,-41.158,1.152,-1.328,-9.806,-19.743
603.0,603,595,-34.313,-40.885,-50.633,-64.426,-35.651,-40.385,-42.504,-44.058,1.338,-0.500,-8.129,-20.368
604.0,604,596,-37.024,-46.900,-57.716,-72.154,-40.011,-45.090,-47.288,-48.513,2.987,-1.811,-10.427,-23.642
605.0,605,597,-36.599,-43.746,-58.158,-70.782,-39.189,-44.147,-47.626,-47.557,2.591,0.401,-10.532,-23.225
606.0,606,598,-37.458,-43.871,-59.835,-73.654,-35.566,-42.275,-46.343,-43.874,-1.891,-1.596,-13.492,-29.780
607.0,607,599,-37.280,-46.907,-59.321,-71.626,-37.460,-46.507,-45.447,-45.782,0.180,-0.399,-13.874,-25.844
608.0,608,600,-36.235,-43.075,-53.901,-65.844,-35.877,-41.109,-41.549,-44.555,-0.358,-1.966,-12.352,-21.289
609.0,609,601,-30.410,-39.317,-54.611,-64.995,-33.357,-40.033,-41.499,-41.706,2.947,0.716,-13.112,-23.289
610.0,610,602,-26.973,-37.617,-54.360,-63.925,-30.694,-36.752,-37.533,-39.112,3.721,-0.865,-16.827,-24.813
611.0,611,603,-28.115,-38.470,-56.440,-67.129,-32.004,-38.190,-38.736,-40.400,3.888,-0.280,-17.704,-26.728
612.0,612,604,-34.144,-44.569,-55.437,-64.908,-37.423,-43.306,-44.120,-45.768,3.278,-1.264,-11.317,-19.141
613.0,613,605,-34.345,-42.529,-51.553,-61.889,-34.739,-41.811,-41.425,-43.153,0.393,-0.718,-10.128,-18.736
614.0,614,606,-30.717,-39.811,-51.917,-64.711,-33.344,-39.891,-41.008,-41.738,2.626,0.080,-10.909,-22.974
615.0,615,607,-30.756,-38.031,-51.628,-64.848,-32.245,-36.298,-39.282,-40.727,1.489,-1.732,-12.346,-24.121
616.0,616,608,-31.845,-39.369,-54.773,-69.046,-33.754,-39.386,-40.446,-42.179,1.909,0.017,-14.327,-26.867
617.0,617,609,-27.138,-35.504,-52.385,-63.078,-30.230,-35.474,-36.351,-38.678,3.092,-0.030,-16.033,-24.401
618.0,618,610,-24.247,-32.770,-48.429,-59.502,-27.306,-32.304,-33.182,-35.751,3.060,-0.465,-15.247,-23.752
619.0,619,611,-26.523,-34.982,-50.298,-62.171,-28.414,-34.105,-35.981,-36.828,1.890,-0.878,-14.317,-25.343
620.0,620,612,-28.769,-38.563,-54.150,-66.530,-32.022,-37.823,-39.212,-40.436,3.253,-0.740,-14.939,-26.094
621.0,621,613,-29.457,-38.610,-56.453,-68.070,-33.769,-37.602,-40.445,-42.250,4.312,-1.009,-16.008,-25.820
622.0,622,614,-30.994,-41.143,-60.778,-73.938,-35.594,-40.362,-42.347,-44.027,4.600,-0.781,-18.432,-29.912
623.0,623,615,-32.755,-44.056,-63.581,-77.524,-37.220,-42.073,-44.294,-45.686,4.466,-1.983,-19.287,-31.837
624.0,624,616,-31.974,-43.276,-63.855,-78.380,-37.372,-42.204,-44.113,-45.875,5.398,-1.073,-19.742,-32.506
625.0,625,617,-31.865,-43.299,-61.396,-73.798,-37.398,-41.953,-44.465,-45.869,5.533,-1.346,-16.931,-27.929
626.0,626,618,-32.519,-45.190,-63.247,-76.141,-37.085,-42.971,-44.272,-45.565,4.565,-2.220,-18.976,-30.576
627.0,627,619,-35.488,-48.576,-68.037,-81.328,-40.984,-46.320,-47.997,-49.481,5.496,-2.256,-20.040,-31.847
628.0,628,620,-36.228,-48.531,-69.488,-82.966,-42.116,-47.019,-49.036,-50.604,5.888,-1.512,-20.452,-32.363
629.0,629,621,-39.175,-49.950,-71.641,-85.051,-43.640,-47.676,-50.499,-52.115,4.465,-2.274,-21.142,-32.936
630.0,630,622,-39.189,-51.616,-75.034,-87.755,-45.766,-50.385,-52.475,-54.272,6.577,-1.231,-22.559,-33.482
631.0,631,623,-38.756,-52.100,-76.150,-87.598,-44.316,-49.726,-50.986,-52.840,5.560,-2.374,-25.164,-34.757
632.0,632,624,-45.058,-58.420,-79.171,-88.550,-50.578,-55.661,-57.304,-59.107,5.520,-2.760,-21.867,-29.444
633.0,633,625,-35.895,-48.473,-56.584,-69.243,-42.117,-46.516,-48.938,-50.551,6.222,-1.958,-7.646,-18.692
634.0,634,626,-32.436,-44.542,-56.440,-70.696,-37.853,-42.832,-44.456,-46.325,5.417,-1.710,-11.984,-24.371
635.0,635,627,-28.647,-39.893,-48.909,-59.999,-32.835,-38.444,-40.085,-41.448,4.188,-1.450,-8.824,-18.551
636.0,636,628,-28.567,-36.964,-42.419,-55.667,-31.570,-35.601,-37.717,-40.350,3.003,-1.363,-4.702,-15.317
637.0,637,629,-29.004,-39.599,-53.250,-66.369,-33.259,-38.091,-40.150,-41.689,4.255,-1.507,-13.101,-24.680
638.0,638,630,-26.515,-35.513,-43.119,-56.253,-29.927,-34.324,-36.410,-38.582,3.412,-1.189,-6.709,-17.671
639.0,639,631,-25.012,-33.349,-41.420,-55.363,-27.480,-32.612,-34.930,-35.894,2.468,-0.737,-6.491,-19.469
640.0,640,632,-26.084,-33.941,-47.226,-56.912,-28.875,-33.256,-34.129,-37.408,2.791,-0.685,-13.097,-19.504
641.0,641,633,-24.726,-32.516,-47.223,-55.903,-27.555,-31.284,-34.261,-36.010,2.829,-1.232,-12.962,-19.893
642.0,642,634,-23.544,-32.174,-46.971,-54.925,-27.432,-31.462,-34.874,-35.786,3.887,-0.712,-12.097,-19.138
643.0,643,635,-25.928,-34.376,-46.206,-59.569,-29.219,-33.227,-35.854,-37.658,3.291,-1.148,-10.352,-21.911
644.0,644,636,-29.060,-37.229,-47.579,-60.245,-30.891,-36.254,-36.837,-39.316,1.831,-0.975,-10.743,-20.929
645.0,645,637,-25.540,-34.943,-50.124,-58.575,-30.030,-34.625,-36.582,-38.469,4.490,-0.318,-13.542,-20.106
646.0,646,638,-20.986,-31.939,-47.200,-54.661,-25.004,-31.114,-31.840,-33.477,4.017,-0.825,-15.360,-21.184
647.0,647,639,-20.946,-31.835,-46.146,-54.857,-24.954,-30.993,-31.854,-33.410,4.008,-0.842,-14.291,-21.447
648.0,648,640,-22.354,-31.496,-46.293,-53.937,-25.226,-30.449,-32.101,-33.679,2.872,-1.048,-14.193,-20.258
649.0,649,641,-21.106,-29.229,-40.829,-52.091,-22.714,-28.329,-31.162,-31.069,1.608,-0.901,-9.668,-21.022
650.0,650,642,-21.479,-28.712,-40.537,-47.452,-22.752,-27.750,-30.339,-31.180,1.273,-0.962,-10.199,-16.272
651.0,651,643,-21.884,-29.571,-41.871,-49.261,-24.479,-27.654,-31.147,-32.903,2.595,-1.917,-10.724,-16.358
652.0,652,644,-19.946,-28.989,-37.247,-48.849,-23.339,-28.131,-29.954,-31.775,3.393,-0.858,-7.294,-17.074
653.0,653,645,-18.866,-27.620,-34.378,-45.152,-22.037,-26.401,-29.216,-30.391,3.171,-1.219,-5.162,-14.761
654.0,654,646,-19.044,-27.604,-35.665,-46.263,-22.058,-26.690,-28.811,-30.516,3.014,-0.914,-6.854,-15.747
655.0,655,647,-19.142,-27.983,-35.649,-44.795,-22.079,-26.779,-28.958,-30.516,2.938,-1.203,-6.692,-14.279
656.0,656,648,-13.797,-24.025,-35.157,-40.329,-17.923,-23.232,-24.323,-26.448,4.125,-0.793,-10.834,-13.881
657.0,657,649,-13.047,-23.015,-30.464,-38.668,-16.447,-21.489,-23.141,-25.045,3.400,-1.526,-7.323,-13.623
658.0,658,650,-16.336,-25.620,-36.631,-42.672,-20.196,-24.293,-26.521,-28.751,3.860,-1.327,-10.110,-13.920
659.0,659,651,-15.030,-25.919,-36.200,-42.320,-19.339,-24.384,-26.273,-27.810,4.309,-1.535,-9.927,-14.510
660.0,660,652,-14.076,-26.313,-37.336,-44.218,-19.257,-24.680,-26.182,-27.765,5.181,-1.633,-11.155,-16.453
661.0,661,653,-15.179,-24.481,-36.190,-42.309,-18.737,-23.387,-25.464,-27.266,3.558,-1.095,-10.726,-15.044
662.0,662,654,-16.389,-25.027,-34.867,-43.104,-19.710,-24.868,-26.890,-28.206,3.321,-0.159,-7.977,-14.898
663.0,663,655,-17.164,-25.933,-34.607,-42.315,-17.805,-24.113,-26.452,-26.245,0.641,-1.820,-8.155,-16.071
664.0,664,656,-17.004,-26.475,-37.596,-45.423,-20.514,-25.249,-26.113,-29.047,3.509,-1.226,-11.483,-16.376
665.0,665,657,-16.182,-24.412,-35.834,-44.524,-19.823,-22.934,-24.151,-28.438,3.641,-1.478,-11.683,-16.086
666.0,666,658,-17.161,-24.987,-36.321,-44.524,-20.264,-23.437,-24.716,-28.856,3.104,-1.550,-11.605,-15.667
667.0,667,659,-15.414,-25.304,-36.861,-43.271,-19.978,-24.158,-26.634,-28.450,4.564,-1.146,-10.227,-14.821
668.0,668,660,-16.255,-25.002,-33.320,-43.215,-18.775,-24.031,-26.723,-27.095,2.521,-0.970,-6.597,-16.120
669.0,669,661,-19.008,-27.682,-38.926,-46.754,-22.147,-26.877,-29.215,-30.525,3.139,-0.806,-9.711,-16.230
670.0,670,662,-16.843,-27.204,-38.638,-45.852,-21.504,-25.859,-28.482,-29.965,4.661,-1.345,-10.156,-15.887
671.0,671,663,-15.996,-26.693,-36.847,-43.567,-20.506,-25.387,-27.464,-28.964,4.510,-1.306,-9.382,-14.603
672.0,672,664,-14.995,-24.765,-34.834,-40.869,-19.380,-23.746,-26.210,-27.780,4.385,-1.019,-8.624,-13.088
673.0,673,665,-14.603,-24.795,-33.460,-39.276,-18.561,-22.931,-25.240,-27.004,3.958,-1.864,-8.220,-12.272
674.0,674,666,-13.328,-23.182,-35.039,-40.810,-17.896,-22.875,-24.249,-26.305,4.567,-0.307,-10.790,-14.504
675.0,675,667,-14.797,-26.531,-37.507,-43.885,-19.931,-24.589,-26.494,-28.446,5.134,-1.942,-11.013,-15.440
676.0,676,668,-17.129,-26.841,-37.392,-44.082,-20.699,-25.289,-27.523,-29.222,3.570,-1.552,-9.870,-14.860
677.0,677,669,-14.781,-24.904,-35.784,-41.773,-19.827,-23.826,-26.697,-28.390,5.046,-1.078,-9.087,-13.383
678.0,678,670,-12.760,-22.132,-32.875,-38.578,-16.936,-20.749,-23.641,-25.554,4.177,-1.384,-9.234,-13.024
679.0,679,671,-14.189,-24.227,-34.357,-40.074,-18.300,-22.808,-25.061,-26.857,4.110,-1.419,-9.296,-13.217
680.0,680,672,-15.789,-26.127,-37.155,-42.949,-20.737,-24.978,-27.485,-29.162,4.948,-1.149,-9.670,-13.787
681.0,681,673,-17.186,-26.016,-37.389,-43.563,-19.527,-24.403,-25.905,-27.995,2.341,-1.613,-11.483,-15.568
682.0,682,674,-20.909,-31.340,-43.185,-49.458,-25.428,-29.879,-32.959,-33.841,4.519,-1.461,-10.225,-15.617
683.0,683,675,-23.697,-35.641,-49.701,-56.936,-28.572,-32.756,-35.522,-37.022,4.875,-2.885,-14.179,-19.915
684.0,684,676,-32.578,-45.533,-58.686,-67.983,-38.260,-43.881,-44.933,-46.748,5.682,-1.652,-13.754,-21.235
685.0,685,677,-31.253,-43.045,-55.565,-64.699,-36.296,-41.315,-42.412,-44.798,5.043,-1.730,-13.153,-19.901
686.0,686,678,-29.720,-40.984,-53.531,-62.851,-34.598,-39.261,-41.159,-43.055,4.878,-1.724,-12.372,-19.796
687.0,687,679,-31.146,-41.481,-51.790,-61.194,-35.619,-39.596,-41.961,-44.024,4.473,-1.886,-9.829,-17.170
688.0,688,680,-29.669,-41.098,-54.111,-63.898,-34.568,-39.249,-40.903,-43.076,4.899,-1.849,-13.207,-20.822
689.0,689,681,-30.348,-41.812,-54.505,-64.009,-34.641,-39.895,-40.856,-43.183,4.293,-1.917,-13.649,-20.826
690.0,690,682,-29.721,-41.507,-53.693,-63.037,-35.202,-39.647,-41.828,-43.676,5.481,-1.860,-11.865,-19.361
691.0,691,683,-32.337,-42.709,-55.237,-64.532,-37.083,-40.851,-43.517,-45.524,4.746,-1.858,-11.720,-19.008
692.0,692,684,-29.568,-41.366,-57.370,-68.240,-35.803,-40.767,-42.537,-44.348,6.235,-0.599,-14.833,-23.892
693.0,693,685,-29.245,-40.829,-53.434,-63.488,-33.022,-38.321,-40.346,-41.464,3.777,-2.508,-13.088,-22.024
694.0,694,686,-29.561,-41.931,-53.698,-65.328,-34.136,-40.338,-41.241,-42.687,4.575,-1.593,-12.457,-22.641
695.0,695,687,-31.079,-40.297,-48.320,-62.500,-33.762,-38.797,-40.977,-42.441,2.684,-1.500,-7.343,-20.059
696.0,696,688,-32.175,-39.533,-44.371,-50.272,-35.954,-38.900,-41.155,-43.697,3.779,-0.634,-3.216,-6.574
697.0,697,689,-30.772,-38.276,-45.515,-56.930,-32.735,-37.359,-38.955,-41.475,1.963,-0.917,-6.559,-15.455
698.0,698,690,-28.172,-37.225,-47.375,-62.910,-31.203,-35.391,-38.357,-39.644,3.031,-1.835,-9.018,-23.266
699.0,699,691,-29.300,-40.100,-51.447,-66.522,-32.988,-38.302,-39.310,-41.473,3.688,-1.797,-12.137,-25.048
700.0,700,692,-31.600,-41.128,-54.412,-65.406,-37.050,-40.155,-43.044,-45.567,5.450,-0.973,-11.369,-19.839
701.0,701,693,-24.399,-35.924,-48.229,-60.416,-29.497,-34.529,-36.527,-38.015,5.099,-1.395,-11.702,-22.401
702.0,702,694,-21.885,-34.007,-47.540,-57.123,-27.317,-32.357,-33.859,-35.891,5.433,-1.650,-13.681,-21.232
703.0,703,695,-29.073,-38.113,-50.783,-60.628,-31.157,-36.057,-37.689,-39.718,2.085,-2.057,-13.094,-20.911
704.0,704,696,-27.240,-35.839,-45.572,-57.439,-29.302,-34.202,-36.464,-37.674,2.062,-1.637,-9.107,-19.764
705.0,705,697,-22.895,-33.957,-46.566,-59.262,-27.225,-32.443,-34.269,-35.694,4.330,-1.514,-12.298,-23.568
706.0,706,698,-23.578,-32.322,-44.114,-56.137,-27.514,-31.369,-34.462,-35.945,3.937,-0.953,-9.652,-20.192
707.0,707,699,-24.751,-33.847,-47.129,-58.203,-29.068,-32.779,-34.488,-37.594,4.318,-1.068,-12.641,-20.609
708.0,708,700,-29.759,-37.648,-50.194,-59.932,-33.709,-36.666,-40.109,-42.227,3.951,-0.983,-10.085,-17.705
709.0,709,701,-29.471,-37.798,-50.540,-62.439,-32.822,-36.329,-37.721,-41.432,3.351,-1.469,-12.820,-21.007
710.0,710,702,-28.770,-38.705,-51.827,-62.676,-32.324,-36.891,-38.786,-40.841,3.554,-1.814,-13.042,-21.834
711.0,711,703,-31.933,-39.410,-52.526,-63.185,-34.774,-38.423,-40.489,-43.305,2.841,-0.987,-12.037,-19.880
712.0,712,704,-29.964,-38.807,-47.323,-53.119,-34.966,-37.972,-40.342,-43.100,5.003,-0.835,-6.981,-10.020
713.0,713,705,-29.181,-37.653,-47.898,-59.859,-31.802,-35.607,-38.705,-40.268,2.622,-2.045,-9.193,-19.591
714.0,714,706,-29.198,-37.072,-47.047,-62.127,-31.174,-35.533,-38.327,-39.557,1.976,-1.539,-8.720,-22.570
715.0,715,707,-29.891,-38.396,-46.678,-56.821,-33.913,-37.005,-40.410,-42.185,4.022,-1.391,-6.268,-14.636
716.0,716,708,-28.030,-37.244,-45.691,-59.777,-30.348,-35.937,-37.508,-38.736,2.318,-1.307,-8.182,-21.041
717.0,717,709,-28.868,-36.494,-49.305,-65.163,-30.741,-34.996,-35.150,-39.406,1.872,-1.498,-14.154,-25.757
718.0,718,710,-29.682,-36.466,-49.486,-65.700,-31.526,-34.544,-34.939,-40.295,1.844,-1.922,-14.547,-25.405
719.0,719,711,-29.393,-37.703,-50.496,-62.892,-31.946,-36.285,-37.148,-40.573,2.554,-1.418,-13.347,-22.319
720.0,720,712,-26.307,-35.604,-49.610,-60.938,-30.293,-34.859,-37.062,-38.806,3.986,-0.744,-12.549,-22.132
721.0,721,713,-23.408,-34.559,-50.248,-61.064,-27.002,-32.375,-34.275,-35.451,3.594,-2.184,-15.973,-25.612
722.0,722,714,-25.616,-35.227,-47.298,-56.742,-29.915,-33.957,-36.485,-38.373,4.299,-1.270,-10.812,-18.369
723.0,723,715,-24.953,-34.090,-46.966,-59.361,-29.108,-33.128,-33.692,-37.710,4.155,-0.963,-13.274,-21.650
724.0,724,716,-25.799,-35.423,-48.116,-60.430,-29.151,-33.147,-33.991,-37.819,3.352,-2.275,-14.125,-22.611
725.0,725,717,-26.544,-35.672,-48.248,-60.300,-29.513,-33.578,-33.430,-38.190,2.969,-2.094,-14.819,-22.110
726.0,726,718,-28.460,-37.629,-50.554,-61.076,-30.944,-35.378,-37.262,-39.521,2.484,-2.251,-13.292,-21.555
727.0,727,719,-29.600,-38.248,-52.966,-64.303,-32.002,-36.850,-40.410,-40.440,2.403,-1.399,-12.556,-23.863
728.0,728,720,-29.395,-38.593,-49.716,-63.170,-32.621,-37.286,-40.045,-41.116,3.226,-1.307,-9.671,-22.054
729.0,729,721,-29.247,-37.640,-51.389,-63.942,-32.426,-35.957,-40.012,-40.841,3.180,-1.684,-11.377,-23.101
730.0,730,722,-27.004,-37.499,-54.803,-67.272,-32.868,-36.854,-40.004,-41.300,5.864,-0.645,-14.798,-25.972
731.0,731,723,-33.552,-44.189,-58.617,-70.392,-34.801,-39.515,-41.329,-43.292,1.249,-4.673,-17.289,-27.099
732.0,732,724,-33.836,-44.587,-63.777,-74.734,-38.711,-43.131,-45.439,-47.197,4.875,-1.457,-18.338,-27.537
733.0,733,725,-30.335,-41.418,-56.998,-67.226,-35.394,-39.824,-41.864,-43.909,5.059,-1.595,-15.134,-23.317
734.0,734,726,-32.809,-43.540,-61.938,-72.063,-37.086,-41.492,-43.616,-45.577,4.277,-2.048,-18.323,-26.486
735.0,735,727,-28.959,-40.271,-57.048,-66.696,-34.174,-38.463,-41.102,-42.684,5.215,-1.807,-15.946,-24.012
736.0,736,728,-41.153,-52.434,-72.298,-83.379,-46.523,-50.928,-53.500,-55.021,5.370,-1.506,-18.798,-28.358
737.0,737,729,-36.004,-46.150,-63.286,-76.932,-40.315,-45.152,-47.060,-48.851,4.311,-0.998,-16.226,-28.081
738.0,738,730,-35.943,-48.343,-66.910,-80.945,-40.462,-46.265,-47.234,-48.987,4.519,-2.078,-19.677,-31.958
739.0,739,731,-33.482,-46.070,-66.724,-80.876,-39.264,-44.560,-46.257,-47.759,5.782,-1.510,-20.467,-33.117
740.0,740,732,-38.136,-48.475,-60.248,-68.660,-42.498,-46.286,-49.257,-50.869,4.362,-2.189,-10.991,-17.791
741.0,741,733,-41.260,-51.128,-58.639,-66.924,-44.265,-47.029,-51.451,-52.403,3.005,-4.099,-7.188,-14.521
742.0,742,734,-30.787,-43.053,-61.451,-73.475,-36.531,-41.083,-43.422,-45.007,5.744,-1.970,-18.029,-28.468
743.0,743,735,-38.687,-49.040,-65.634,-78.197,-42.794,-47.323,-48.256,-51.336,4.107,-1.717,-17.378,-26.862
744.0,744,736,-33.489,-45.366,-65.276,-75.863,-39.014,-43.574,-45.832,-47.522,5.525,-1.792,-19.444,-28.341
745.0,745,737,-38.389,-50.339,-71.936,-83.170,-43.908,-48.164,-50.718,-52.413,5.518,-2.175,-21.218,-30.757
746.0,746,738,-36.391,-46.999,-65.957,-79.347,-42.087,-46.986,-49.463,-50.510,5.696,-0.012,-16.494,-28.837
747.0,747,739,-36.578,-48.008,-66.425,-79.451,-39.780,-46.740,-47.163,-48.176,3.202,-1.268,-19.262,-31.275
748.0,748,740,-39.878,-51.971,-72.038,-85.087,-44.288,-49.221,-51.083,-52.782,4.410,-2.750,-20.955,-32.305
749.0,749,741,-36.615,-48.554,-68.974,-83.824,-42.221,-46.563,-48.989,-50.706,5.606,-1.992,-19.985,-33.118
750.0,750,742,-38.630,-50.598,-72.868,-85.020,-44.791,-49.187,-51.625,-53.298,6.161,-1.411,-21.244,-31.722
751.0,751,743,-35.608,-47.621,-69.644,-83.085,-41.456,-45.971,-48.228,-49.966,5.847,-1.650,-21.416,-33.119
752.0,752,744,-37.770,-49.601,-71.170,-82.558,-42.719,-46.925,-49.528,-51.222,4.949,-2.677,-21.641,-31.337
753.0,753,745,-33.613,-44.448,-64.593,-78.528,-38.830,-43.198,-45.670,-47.320,5.217,-1.250,-18.923,-31.208
754.0,754,746,-34.498,-45.319,-65.960,-80.254,-39.365,-43.453,-46.259,-47.841,4.867,-1.865,-19.701,-32.413
755.0,755,747,-36.878,-47.665,-70.506,-84.292,-42.581,-46.713,-49.471,-51.075,5.702,-0.952,-21.035,-33.218
756.0,756,748,-38.400,-49.544,-73.363,-86.807,-43.541,-47.938,-50.478,-52.028,5.141,-1.607,-22.885,-34.780
757.0,757,749,-42.473,-54.347,-77.969,-88.524,-47.739,-51.934,-54.679,-56.225,5.266,-2.413,-23.290,-32.299
758.0,758,750,-45.672,-58.465,-80.996,-89.036,-51.420,-55.858,-58.281,-59.897,5.748,-2.607,-22.715,-29.139
759.0,759,751,-44.459,-56.867,-80.240,-88.442,-49.454,-53.659,-56.252,-57.949,4.995,-3.208,-23.988,-30.493
760.0,760,752,-44.954,-58.193,-81.544,-89.122,-51.255,-55.340,-58.181,-59.732,6.301,-2.853,-23.363,-29.389
761.0,761,753,-46.339,-58.803,-82.577,-89.032,-52.187,-56.139,-58.987,-60.688,5.848,-2.664,-23.590,-28.344
762.0,762,754,-46.481,-57.466,-79.802,-89.032,-51.567,-55.893,-58.333,-60.035,5.086,-1.573,-21.468,-28.997
763.0,763,755,-62.069,-76.169,-87.597,-89.285,-68.622,-67.119,-75.465,-76.950,6.553,-9.049,-12.132,-12.334
764.0,764,756,-62.308,-77.942,-87.510,-89.116,-69.898,-67.669,-76.787,-78.212,7.590,-10.273,-10.723,-10.904
765.0,765,757,-62.965,-78.076,-87.532,-89.224,-70.589,-68.466,-77.483,-78.883,7.624,-9.610,-10.049,-10.341
766.0,766,758,-21.218,-29.820,-42.467,-50.770,-25.288,-30.229,-31.904,-33.770,4.070,0.409,-10.563,-16.999
767.0,767,759,-18.140,-26.267,-33.809,-43.284,-19.534,-24.684,-26.654,-28.136,1.394,-1.583,-7.155,-15.148
768.0,768,760,-18.259,-27.331,-36.974,-44.814,-22.416,-26.263,-28.041,-30.749,4.157,-1.068,-8.932,-14.065
769.0,769,761,-17.269,-26.719,-38.803,-45.391,-20.156,-25.505,-27.646,-28.557,2.887,-1.215,-11.157,-16.834
770.0,770,762,-17.043,-25.791,-38.843,-44.317,-20.967,-24.930,-27.496,-29.444,3.923,-0.861,-11.346,-14.872
771.0,771,763,-17.743,-28.039,-39.119,-44.995,-22.036,-27.217,-28.769,-30.494,4.293,-0.821,-10.350,-14.501
772.0,772,764,-16.571,-25.064,-36.542,-42.975,-19.205,-23.647,-25.315,-27.688,2.633,-1.417,-11.227,-15.287
773.0,773,765,-17.789,-26.141,-37.840,-44.149,-20.279,-25.512,-26.801,-28.748,2.490,-0.629,-11.039,-15.401
774.0,774,766,-18.159,-25.601,-34.406,-43.370,-19.781,-24.600,-26.463,-28.307,1.622,-1.001,-7.943,-15.063
775.0,775,767,-19.003,-26.393,-34.634,-41.951,-20.275,-24.793,-27.510,-28.718,1.272,-1.600,-7.124,-13.233
776.0,776,768,-19.646,-26.273,-34.543,-43.622,-21.881,-26.028,-29.152,-30.361,2.235,-0.246,-5.391,-13.260
777.0,777,769,-20.239,-27.939,-35.091,-44.750,-21.269,-26.525,-29.057,-29.888,1.030,-1.414,-6.034,-14.863
778.0,778,770,-19.869,-27.366,-37.174,-44.976,-23.004,-26.995,-28.612,-31.403,3.135,-0.371,-8.562,-13.573
779.0,779,771,-20.875,-28.758,-40.152,-47.002,-23.640,-27.819,-29.782,-32.093,2.765,-0.939,-10.369,-14.909
780.0,780,772,-18.912,-27.479,-39.218,-45.610,-21.970,-27.169,-28.983,-30.393,3.058,-0.310,-10.235,-15.217
781.0,781,773,-17.603,-27.605,-40.759,-46.465,-22.351,-26.777,-29.043,-30.832,4.747,-0.828,-11.715,-15.633
782.0,782,774,-18.817,-28.761,-39.807,-45.689,-22.537,-27.008,-29.427,-30.997,3.720,-1.754,-10.380,-14.693
783.0,783,775,-23.388,-29.428,-40.392,-48.290,-24.838,-28.668,-30.774,-33.291,1.450,-0.760,-9.618,-14.999
784.0,784,776,-27.849,-34.012,-43.132,-54.529,-29.003,-33.206,-35.618,-37.526,1.154,-0.805,-7.514,-17.002
785.0,785,777,-25.802,-32.933,-40.557,-52.291,-26.528,-31.472,-32.742,-35.229,0.726,-1.460,-7.816,-17.062
786.0,786,778,-24.592,-32.477,-43.489,-54.182,-28.738,-32.110,-35.337,-37.091,4.146,-0.367,-8.152,-17.091
787.0,787,779,-27.146,-35.443,-47.707,-56.613,-29.934,-34.292,-36.532,-38.411,2.787,-1.150,-11.175,-18.202
788.0,788,780,-25.960,-35.979,-50.192,-58.257,-29.521,-35.195,-36.488,-37.961,3.561,-0.784,-13.704,-20.296
789.0,789,781,-24.861,-35.729,-50.175,-58.349,-29.641,-34.441,-36.487,-38.126,4.779,-1.288,-13.689,-20.223
790.0,790,782,-26.516,-36.902,-50.382,-57.933,-31.049,-35.348,-37.896,-39.546,4.533,-1.554,-12.486,-18.387
791.0,791,783,-28.037,-37.753,-55.947,-65.962,-32.013,-36.993,-38.583,-40.470,3.975,-0.760,-17.364,-25.492
792.0,792,784,-26.335,-35.527,-51.244,-60.574,-29.635,-34.903,-36.843,-38.047,3.300,-0.624,-14.402,-22.527
793.0,793,785,-24.517,-31.583,-41.590,-48.032,-26.069,-30.495,-32.431,-34.579,1.551,-1.087,-9.159,-13.453
794.0,794,786,-25.401,-33.301,-45.434,-52.292,-26.585,-31.824,-34.715,-34.944,1.184,-1.477,-10.718,-17.348
795.0,795,787,-26.619,-36.279,-50.302,-59.403,-30.190,-35.387,-37.445,-38.640,3.571,-0.892,-12.857,-20.763
796.0,796,788,-24.936,-32.931,-45.167,-52.781,-26.938,-31.398,-33.188,-35.394,2.002,-1.532,-11.980,-17.388
797.0,797,789,-21.695,-27.867,-37.202,-46.242,-22.822,-27.148,-29.024,-31.326,1.127,-0.719,-8.178,-14.916
798.0,798,790,-20.893,-27.169,-35.057,-44.302,-21.565,-25.845,-27.995,-30.205,0.673,-1.324,-7.062,-14.098
799.0,799,791,-19.672,-26.764,-34.342,-44.588,-21.767,-25.621,-27.215,-30.443,2.094,-1.143,-7.127,-14.145
800.0,800,792,-18.086,-25.122,-33.785,-43.428,-19.858,-24.176,-26.040,-28.417,1.772,-0.945,-7.745,-15.011
801.0,801,793,-19.208,-26.776,-33.632,-43.201,-20.659,-25.309,-26.734,-29.119,1.451,-1.467,-6.898,-14.081
802.0,802,794,-20.777,-28.182,-38.113,-46.802,-23.210,-27.261,-28.630,-31.754,2.433,-0.920,-9.483,-15.048
803.0,803,795,-22.092,-30.064,-42.748,-49.014,-25.034,-29.164,-31.910,-33.522,2.943,-0.900,-10.838,-15.492
804.0,804,796,-22.955,-33.219,-44.368,-50.584,-26.880,-31.504,-33.760,-35.386,3.925,-1.715,-10.608,-15.198
805.0,805,797,-27.537,-39.203,-52.604,-61.924,-31.842,-37.425,-38.682,-40.350,4.305,-1.778,-13.923,-21.574
806.0,806,798,-31.824,-42.572,-59.044,-71.508,-36.730,-41.962,-43.504,-45.220,4.906,-0.609,-15.540,-26.288
807.0,807,799,-27.335,-37.779,-55.017,-66.102,-31.847,-37.200,-38.632,-40.322,4.512,-0.580,-16.385,-25.780
808.0,808,800,-22.645,-31.776,-47.789,-56.159,-27.012,-31.770,-33.981,-35.434,4.367,-0.006,-13.808,-20.725
809.0,809,801,-25.961,-35.421,-51.202,-60.002,-29.756,-34.315,-36.528,-38.232,3.794,-1.106,-14.674,-21.770
810.0,810,802,-21.476,-30.752,-46.035,-53.522,-25.448,-30.121,-32.419,-33.903,3.972,-0.631,-13.616,-19.619
811.0,811,803,-23.908,-31.435,-44.656,-52.773,-26.869,-30.549,-32.497,-35.337,2.962,-0.886,-12.159,-17.435
812.0,812,804,-23.979,-32.299,-46.849,-55.392,-27.633,-31.593,-34.365,-36.139,3.654,-0.706,-12.484,-19.253
813.0,813,805,-24.460,-31.430,-44.429,-52.555,-27.318,-30.812,-33.107,-35.764,2.858,-0.619,-11.322,-16.791
814.0,814,806,-25.235,-33.952,-49.120,-59.112,-29.003,-33.235,-34.611,-37.540,3.768,-0.717,-14.508,-21.572
815.0,815,807,-23.936,-32.926,-48.281,-55.384,-28.519,-33.298,-35.352,-36.979,4.583,0.372,-12.929,-18.405
816.0,816,808,-19.451,-29.471,-43.603,-50.863,-23.223,-28.097,-29.905,-31.684,3.771,-1.373,-13.697,-19.179
817.0,817,809,-22.080,-31.384,-45.868,-53.140,-26.583,-31.275,-33.539,-35.038,4.503,-0.109,-12.329,-18.102
818.0,818,810,-17.640,-28.012,-41.422,-48.791,-21.622,-26.525,-28.017,-30.066,3.982,-1.487,-13.406,-18.725
819.0,819,811,-20.631,-31.014,-44.851,-51.834,-24.792,-29.864,-31.802,-33.280,4.161,-1.151,-13.049,-18.555
820.0,820,812,-19.060,-29.395,-42.800,-49.592,-23.200,-28.190,-30.151,-31.675,4.141,-1.204,-12.648,-17.918
821.0,821,813,-21.096,-30.783,-45.280,-52.664,-25.339,-29.778,-32.252,-33.823,4.243,-1.004,-13.028,-18.841
822.0,822,814,-22.098,-31.501,-46.057,-53.938,-26.050,-30.267,-32.828,-34.505,3.952,-1.234,-13.229,-19.433
823.0,823,815,-23.479,-32.411,-47.885,-55.883,-27.499,-31.554,-34.446,-35.954,4.019,-0.857,-13.438,-19.929
824.0,824,816,-22.674,-30.948,-45.040,-52.666,-25.928,-30.238,-32.872,-34.365,3.255,-0.710,-12.169,-18.301
825.0,825,817,-21.022,-29.687,-42.850,-50.310,-25.059,-29.448,-32.220,-33.478,4.037,-0.240,-10.629,-16.832
826.0,826,818,-20.636,-29.452,-42.295,-49.922,-24.118,-28.540,-31.499,-32.563,3.482,-0.912,-10.796,-17.359
827.0,827,819,-20.204,-28.664,-38.874,-47.632,-22.389,-27.818,-30.250,-30.695,2.185,-0.846,-8.624,-16.937
828.0,828,820,-19.171,-27.370,-37.122,-45.585,-21.641,-26.900,-28.410,-30.061,2.470,-0.471,-8.712,-15.524
829.0,829,821,-19.915,-26.102,-33.858,-44.303,-20.167,-24.993,-27.661,-28.632,0.252,-1.109,-6.197,-15.671
830.0,830,822,-19.918,-26.228,-32.885,-41.783,-20.386,-24.735,-27.093,-28.769,0.468,-1.493,-5.792,-13.014
831.0,831,823,-19.024,-26.837,-33.383,-44.282,-20.145,-25.784,-28.035,-28.706,1.121,-1.053,-5.348,-15.576
832.0,832,824,-19.920,-27.102,-35.771,-44.680,-20.756,-25.498,-27.446,-29.373,0.836,-1.604,-8.325,-15.307
833.0,833,825,-20.264,-28.432,-39.043,-45.841,-23.171,-27.660,-29.883,-31.510,2.908,-0.772,-9.160,-14.331
834.0,834,826,-21.629,-30.534,-41.750,-48.815,-24.933,-29.713,-31.588,-33.347,3.304,-0.821,-10.162,-15.468
835.0,835,827,-19.899,-29.503,-42.141,-48.244,-23.926,-28.489,-30.684,-32.389,4.027,-1.013,-11.456,-15.855
836.0,836,828,-20.235,-29.970,-42.441,-48.734,-24.446,-29.017,-31.236,-32.924,4.211,-0.952,-11.205,-15.810
837.0,837,829,-18.927,-26.854,-35.366,-42.653,-21.732,-25.730,-28.426,-30.122,2.805,-1.124,-6.940,-12.530
838.0,838,830,-20.952,-28.266,-33.079,-40.652,-21.583,-26.922,-28.850,-30.241,0.631,-1.344,-4.229,-10.411
839.0,839,831,-20.764,-28.514,-35.197,-44.240,-21.779,-26.842,-28.488,-30.369,1.015,-1.672,-6.709,-13.871
840.0,840,832,-19.486,-26.648,-32.225,-41.646,-21.051,-26.480,-29.056,-29.337,1.565,-0.168,-3.169,-12.309
841.0,841,833,-19.766,-27.878,-38.647,-45.201,-22.474,-27.123,-29.121,-30.958,2.708,-0.756,-9.526,-14.244
842.0,842,834,-18.245,-27.923,-40.193,-45.945,-21.740,-26.927,-28.472,-30.179,3.495,-0.996,-11.722,-15.766
843.0,843,835,-18.662,-28.461,-40.643,-46.594,-22.938,-27.477,-29.944,-31.399,4.277,-0.984,-10.699,-15.195
844.0,844,836,-18.805,-29.469,-39.012,-44.147,-22.943,-27.581,-29.605,-31.468,4.138,-1.889,-9.407,-12.678
845.0,845,837,-29.938,-40.313,-52.249,-58.133,-33.364,-38.057,-39.867,-41.839,3.426,-2.256,-12.382,-16.294
846.0,846,838,-33.307,-37.745,-48.060,-60.252,-34.647,-38.095,-41.006,-43.163,1.341,0.350,-7.054,-17.089
847.0,847,839,-32.284,-37.193,-49.789,-62.573,-33.091,-36.916,-37.523,-41.770,0.806,-0.276,-12.266,-20.803
848.0,848,840,-30.289,-37.769,-52.508,-63.848,-31.882,-36.299,-38.113,-40.297,1.593,-1.469,-14.395,-23.551
849.0,849,841,-29.653,-36.249,-46.873,-59.702,-31.056,-36.141,-40.028,-39.632,1.403,-0.108,-6.845,-20.070
850.0,850,842,-30.426,-35.442,-44.404,-55.882,-30.579,-34.315,-36.854,-39.263,0.153,-1.127,-7.549,-16.618
851.0,851,843,-27.931,-33.091,-40.626,-56.124,-27.880,-33.072,-34.285,-36.296,-0.052,-0.019,-6.341,-19.828
852.0,852,844,-27.683,-34.523,-40.646,-51.657,-28.629,-33.694,-35.267,-37.345,0.946,-0.828,-5.379,-14.311
853.0,853,845,-24.701,-32.126,-39.644,-49.724,-27.807,-31.329,-34.689,-36.260,3.107,-0.797,-4.955,-13.464
854.0,854,846,-25.933,-32.461,-40.909,-51.716,-26.292,-31.164,-31.779,-34.855,0.359,-1.298,-9.130,-16.861
855.0,855,847,-31.723,-36.947,-47.335,-59.603,-31.239,-35.107,-36.279,-39.801,-0.484,-1.840,-11.056,-19.801
856.0,856,848,-32.950,-38.551,-51.147,-61.292,-32.610,-37.137,-37.319,-41.185,-0.340,-1.414,-13.828,-20.106
857.0,857,849,-30.370,-36.284,-43.528,-54.492,-30.161,-35.003,-37.443,-38.667,-0.208,-1.281,-6.085,-15.825
858.0,858,850,-27.034,-35.480,-48.018,-57.049,-30.465,-35.193,-37.284,-38.897,3.432,-0.286,-10.734,-18.152
859.0,859,851,-29.571,-34.894,-49.426,-57.853,-30.339,-33.600,-37.224,-38.779,0.768,-1.294,-12.203,-19.074
860.0,860,852,-30.734,-37.770,-54.082,-63.898,-34.487,-37.405,-41.226,-42.878,3.753,-0.365,-12.856,-21.020
861.0,861,853,-30.729,-40.050,-58.153,-71.092,-34.641,-39.825,-41.435,-43.062,3.912,-0.225,-16.718,-28.030
862.0,862,854,-33.901,-41.963,-53.160,-65.098,-37.922,-42.375,-43.447,-46.343,4.021,0.412,-9.713,-18.755
863.0,863,855,-31.591,-39.249,-47.400,-60.068,-35.923,-38.519,-42.295,-44.277,4.332,-0.730,-5.105,-15.792
864.0,864,856,-30.133,-36.198,-45.568,-55.879,-31.409,-35.624,-38.507,-40.109,1.276,-0.574,-7.060,-15.770
865.0,865,857,-27.202,-34.477,-43.271,-56.485,-28.377,-34.100,-36.067,-36.927,1.174,-0.376,-7.204,-19.558
866.0,866,858,-25.675,-33.787,-42.967,-56.904,-26.810,-32.738,-34.407,-35.179,1.135,-1.049,-8.560,-21.726
867.0,867,859,-27.593,-35.290,-44.365,-58.251,-28.857,-33.929,-36.015,-37.473,1.264,-1.361,-8.350,-20.778
868.0,868,860,-28.439,-36.280,-47.512,-61.179,-30.356,-35.364,-38.374,-38.780,1.916,-0.916,-9.138,-22.399
869.0,869,861,-25.388,-32.223,-38.981,-54.108,-27.159,-32.206,-33.675,-35.557,1.772,-0.017,-5.306,-18.550
870.0,870,862,-22.156,-28.693,-33.071,-40.503,-22.991,-27.637,-30.330,-31.640,0.835,-1.056,-2.741,-8.863
871.0,871,863,-23.758,-30.535,-36.098,-40.472,-24.552,-29.209,-30.924,-32.681,0.794,-1.325,-5.175,-7.790
872.0,872,864,-23.980,-30.332,-35.499,-39.952,-24.809,-29.580,-31.207,-33.395,0.829,-0.752,-4.292,-6.557
873.0,873,865,-25.186,-30.897,-36.964,-45.100,-25.205,-29.780,-31.311,-33.797,0.019,-1.117,-5.653,-11.303
874.0,874,866,-28.203,-33.778,-38.799,-49.751,-27.297,-33.205,-34.538,-35.893,-0.906,-0.573,-4.261,-13.857
875.0,875,867,-29.030,-34.205,-39.957,-51.738,-29.721,-33.100,-35.688,-38.453,0.691,-1.106,-4.269,-13.285
876.0,876,868,-29.364,-35.593,-43.070,-54.753,-31.484,-34.531,-37.231,-40.048,2.120,-1.062,-5.839,-14.705
877.0,877,869,-31.594,-36.775,-46.414,-57.031,-32.024,-34.394,-37.532,-40.654,0.430,-2.381,-8.882,-16.377
878.0,878,870,-31.356,-38.173,-52.124,-62.325,-31.396,-37.158,-38.694,-39.751,0.041,-1.015,-13.431,-22.574
879.0,879,871,-28.449,-35.552,-45.234,-58.732,-30.988,-35.439,-38.218,-39.477,2.539,-0.113,-7.017,-19.255
880.0,880,872,-26.680,-34.672,-41.275,-48.824,-29.842,-33.974,-36.148,-38.278,3.162,-0.698,-5.127,-10.546
881.0,881,873,-32.648,-39.727,-46.886,-55.905,-33.515,-38.259,-40.136,-41.904,0.867,-1.469,-6.750,-14.001
882.0,882,874,-31.304,-38.231,-51.597,-63.507,-33.883,-38.227,-38.616,-42.474,2.580,-0.004,-12.981,-21.033
883.0,883,875,-31.343,-39.804,-53.479,-64.894,-34.401,-38.802,-40.945,-42.892,3.057,-1.003,-12.534,-22.002
884.0,884,876,-31.455,-37.547,-48.831,-59.891,-32.359,-36.593,-40.569,-40.880,0.903,-0.953,-8.262,-19.011
885.0,885,877,-31.156,-37.362,-45.590,-58.347,-31.287,-35.622,-37.994,-39.955,0.130,-1.741,-7.596,-18.392
886.0,886,878,-28.655,-35.367,-42.299,-59.103,-29.269,-35.071,-35.736,-37.706,0.614,-0.296,-6.563,-21.397
887.0,887,879,-29.380,-36.807,-42.999,-55.001,-30.473,-35.799,-37.369,-39.213,1.093,-1.009,-5.630,-15.788
888.0,888,880,-27.211,-34.499,-41.660,-51.596,-30.991,-33.871,-37.644,-39.374,3.779,-0.627,-4.016,-12.221
889.0,889,881,-28.578,-35.370,-43.504,-56.142,-28.585,-33.868,-34.168,-37.153,0.007,-1.502,-9.336,-18.989
890.0,890,882,-29.869,-37.109,-49.046,-61.992,-31.304,-35.692,-35.820,-39.964,1.434,-1.416,-13.226,-22.028
891.0,891,883,-30.916,-38.432,-47.449,-59.878,-32.464,-37.091,-38.743,-40.904,1.548,-1.341,-8.706,-18.974
892.0,892,884,-27.526,-36.518,-48.042,-58.625,-31.151,-35.401,-38.333,-39.725,3.624,-1.118,-9.709,-18.900
893.0,893,885,-26.621,-35.404,-49.164,-58.148,-30.743,-34.488,-37.477,-39.191,4.122,-0.916,-11.688,-18.958
894.0,894,886,-32.706,-38.548,-51.412,-59.970,-32.815,-36.452,-39.835,-41.224,0.109,-2.096,-11.577,-18.746
895.0,895,887,-33.012,-40.730,-57.059,-68.307,-37.644,-40.150,-43.737,-46.086,4.632,-0.580,-13.322,-22.221
896.0,896,888,-35.218,-44.744,-60.650,-74.520,-39.110,-43.855,-46.612,-47.504,3.893,-0.889,-14.037,-27.016
897.0,897,889,-39.246,-48.027,-66.806,-82.153,-42.560,-46.713,-48.213,-50.990,3.314,-1.314,-18.594,-31.163
898.0,898,890,-40.307,-49.166,-58.581,-65.677,-43.709,-48.408,-49.903,-52.121,3.401,-0.758,-8.679,-13.556
899.0,899,891,-37.063,-44.117,-50.223,-57.627,-38.655,-44.170,-46.157,-47.261,1.592,0.053,-4.066,-10.367
900.0,900,892,-34.532,-42.538,-50.570,-62.845,-36.421,-41.233,-43.097,-44.922,1.888,-1.306,-7.473,-17.923
901.0,901,893,-34.299,-40.595,-47.053,-57.463,-35.014,-40.709,-42.801,-43.462,0.715,0.114,-4.253,-14.001
902.0,902,894,-34.704,-41.907,-53.885,-68.045,-36.328,-40.558,-42.337,-44.760,1.624,-1.348,-11.549,-23.285
903.0,903,895,-31.967,-41.361,-58.382,-68.513,-35.651,-40.781,-42.504,-44.086,3.685,-0.580,-15.878,-24.427
904.0,904,896,-28.355,-39.247,-57.196,-66.763,-33.651,-38.575,-40.337,-42.151,5.296,-0.672,-16.858,-24.612
905.0,905,897,-27.472,-38.164,-54.391,-63.913,-32.389,-36.527,-39.328,-40.886,4.917,-1.637,-15.063,-23.027
906.0,906,898,-29.653,-36.703,-46.000,-53.576,-31.376,-35.501,-37.227,-39.754,1.723,-1.202,-8.773,-13.822
907.0,907,899,-31.039,-38.034,-42.788,-45.745,-32.910,-37.878,-39.491,-41.522,1.871,-0.156,-3.297,-4.223
908.0,908,900,-32.881,-40.653,-46.049,-50.518,-34.139,-38.873,-41.077,-42.766,1.258,-1.780,-4.972,-7.752
909.0,909,901,-31.563,-38.787,-42.341,-46.056,-32.638,-37.093,-38.447,-40.932,1.075,-1.694,-3.894,-5.124
910.0,910,902,-32.643,-39.170,-45.934,-52.400,-33.069,-37.675,-39.343,-41.499,0.427,-1.495,-6.590,-10.900
911.0,911,903,-28.999,-37.213,-47.259,-60.998,-31.013,-35.887,-37.057,-39.500,2.014,-1.326,-10.203,-21.498
912.0,912,904,-27.644,-36.850,-50.522,-61.129,-30.315,-35.548,-36.924,-38.755,2.672,-1.302,-13.598,-22.374
913.0,913,905,-23.877,-33.364,-46.391,-55.854,-27.410,-32.662,-33.484,-35.906,3.533,-0.703,-12.907,-19.948
914.0,914,906,-27.932,-36.032,-48.772,-58.466,-30.666,-35.190,-37.518,-39.143,2.734,-0.842,-11.254,-19.324
915.0,915,907,-26.485,-36.826,-51.729,-60.362,-30.126,-35.487,-37.076,-38.583,3.641,-1.339,-14.653,-21.779
916.0,916,908,-26.834,-38.367,-55.491,-66.096,-31.863,-36.855,-38.849,-40.358,5.029,-1.512,-16.642,-25.738
917.0,917,909,-29.017,-39.628,-55.422,-65.335,-34.124,-38.208,-40.835,-42.602,5.107,-1.420,-14.587,-22.733
918.0,918,910,-27.502,-36.960,-55.080,-64.420,-31.679,-36.346,-38.258,-40.132,4.177,-0.614,-16.822,-24.288
919.0,919,911,-26.029,-35.102,-49.128,-57.574,-29.816,-34.467,-37.014,-38.240,3.787,-0.635,-12.114,-19.334
920.0,920,912,-28.640,-37.093,-50.018,-58.799,-30.351,-35.260,-37.491,-38.807,1.711,-1.833,-12.527,-19.991
921.0,921,913,-26.210,-34.385,-45.685,-56.112,-28.749,-33.394,-34.475,-37.256,2.539,-0.991,-11.210,-18.856
922.0,922,914,-24.840,-31.456,-38.611,-51.554,-25.288,-31.041,-32.742,-33.691,0.447,-0.415,-5.869,-17.863
923.0,923,915,-24.265,-30.070,-35.417,-45.007,-24.973,-29.530,-30.996,-33.408,0.708,-0.540,-4.421,-11.599
924.0,924,916,-22.828,-28.021,-34.443,-40.568,-22.311,-26.668,-28.418,-30.800,-0.517,-1.353,-6.025,-9.768
925.0,925,917,-25.689,-31.283,-36.951,-46.552,-23.814,-30.054,-33.038,-32.098,-1.875,-1.229,-3.913,-14.454
926.0,926,918,-31.305,-38.570,-51.560,-60.426,-34.338,-37.679,-41.347,-42.629,3.033,-0.890,-10.212,-17.797
927.0,927,919,-26.908,-36.111,-52.255,-60.888,-31.450,-34.903,-38.016,-39.936,4.542,-1.208,-14.239,-20.952
928.0,928,920,-30.786,-41.339,-58.065,-69.134,-34.829,-39.248,-41.670,-43.320,4.043,-2.090,-16.395,-25.814
929.0,929,921,-35.806,-45.941,-63.878,-77.415,-39.213,-44.019,-46.265,-47.686,3.407,-1.922,-17.613,-29.729
930.0,930,922,-29.052,-38.623,-47.602,-52.214,-33.144,-37.806,-39.836,-41.705,4.092,-0.817,-7.766,-10.509
931.0,931,923,-27.823,-37.186,-51.620,-59.276,-32.610,-36.188,-39.378,-41.115,4.787,-0.998,-12.242,-18.161
932.0,932,924,-24.189,-34.118,-48.269,-56.230,-28.612,-33.266,-35.443,-37.087,4.424,-0.852,-12.825,-19.143
933.0,933,925,-25.058,-34.175,-48.123,-56.258,-27.974,-33.340,-35.267,-36.369,2.917,-0.835,-12.856,-19.889
934.0,934,926,-25.946,-34.389,-47.329,-55.453,-28.434,-33.317,-35.623,-36.899,2.488,-1.072,-11.706,-18.554
935.0,935,927,-23.060,-31.261,-43.183,-52.042,-26.182,-30.443,-32.024,-34.667,3.122,-0.818,-11.159,-17.375
936.0,936,928,-21.177,-28.995,-35.274,-47.467,-22.494,-28.152,-30.257,-30.951,1.317,-0.843,-5.017,-16.516
937.0,937,929,-18.787,-26.534,-31.390,-39.185,-20.232,-25.350,-26.910,-28.694,1.445,-1.184,-4.481,-10.491
938.0,938,930,-23.082,-29.535,-36.915,-43.985,-22.122,-28.534,-30.275,-30.614,-0.960,-1.002,-6.640,-13.371
939.0,939,931,-18.510,-27.113,-39.366,-45.828,-21.582,-27.139,-28.736,-29.959,3.072,0.026,-10.631,-15.869
940.0,940,932,-20.550,-27.236,-34.166,-44.668,-20.345,-25.903,-27.291,-28.874,-0.205,-1.333,-6.876,-15.794
941.0,941,933,-20.089,-28.721,-33.420,-44.655,-21.477,-27.173,-28.550,-30.282,1.388,-1.548,-4.870,-14.373
942.0,942,934,-19.497,-27.015,-33.032,-43.810,-20.302,-25.480,-27.275,-28.905,0.805,-1.535,-5.757,-14.905
943.0,943,935,-19.177,-28.209,-32.952,-44.051,-21.338,-26.424,-27.861,-30.154,2.161,-1.785,-5.091,-13.896
944.0,944,936,-18.033,-25.874,-34.225,-43.523,-20.457,-25.214,-27.353,-29.010,2.424,-0.660,-6.872,-14.513
945.0,945,937,-20.131,-26.622,-31.632,-39.287,-21.370,-25.424,-26.884,-29.867,1.238,-1.198,-4.748,-9.419
946.0,946,938,-17.951,-25.866,-33.350,-40.018,-20.370,-24.921,-27.085,-28.810,2.419,-0.944,-6.265,-11.207
947.0,947,939,-22.314,-28.563,-33.639,-39.581,-22.246,-26.634,-29.388,-30.817,-0.067,-1.928,-4.251,-8.764
948.0,948,940,-21.797,-28.847,-32.978,-38.300,-21.647,-27.058,-28.528,-30.386,-0.150,-1.789,-4.449,-7.914
949.0,949,941,-18.784,-26.570,-31.864,-41.704,-20.088,-25.098,-27.428,-28.839,1.304,-1.472,-4.436,-12.865
950.0,950,942,-21.265,-28.771,-32.830,-36.894,-22.183,-27.382,-29.255,-30.990,0.918,-1.389,-3.575,-5.903
951.0,951,943,-18.444,-26.918,-33.798,-40.209,-19.731,-25.618,-27.623,-28.398,1.286,-1.300,-6.175,-11.811
952.0,952,944,-16.867,-26.458,-39.704,-45.751,-20.590,-25.423,-27.247,-29.085,3.723,-1.035,-12.457,-16.666
953.0,953,945,-15.760,-25.834,-37.567,-43.841,-19.402,-24.370,-26.130,-27.928,3.642,-1.464,-11.437,-15.913
954.0,954,946,-15.867,-25.922,-39.574,-45.443,-19.970,-25.041,-26.684,-28.458,4.102,-0.881,-12.890,-16.985
955.0,955,947,-18.271,-27.200,-37.909,-46.208,-20.608,-26.054,-28.230,-29.063,2.337,-1.146,-9.679,-17.144
956.0,956,948,-17.972,-26.488,-35.645,-44.828,-20.696,-25.421,-28.080,-29.081,2.724,-1.067,-7.565,-15.747
957.0,957,949,-20.441,-28.906,-37.152,-45.133,-21.653,-26.867,-28.788,-29.957,1.213,-2.039,-8.364,-15.176
958.0,958,950,-19.503,-26.696,-33.176,-43.330,-20.953,-24.891,-26.276,-29.739,1.450,-1.805,-6.899,-13.591
959.0,959,951,-17.847,-26.563,-34.979,-43.344,-20.547,-25.205,-26.680,-29.094,2.701,-1.358,-8.299,-14.250
960.0,960,952,-17.865,-25.450,-32.755,-41.777,-19.843,-24.260,-26.138,-28.407,1.978,-1.190,-6.617,-13.370
961.0,961,953,-18.524,-25.475,-33.597,-41.612,-20.183,-24.007,-26.703,-28.482,1.658,-1.468,-6.895,-13.130
962.0,962,954,-17.776,-24.972,-35.366,-44.253,-20.291,-24.474,-26.731,-28.739,2.515,-0.497,-8.635,-15.515
963.0,963,955,-18.268,-26.534,-35.349,-43.681,-19.823,-24.708,-26.378,-28.415,1.555,-1.825,-8.971,-15.266
964.0,964,956,-17.299,-26.108,-34.914,-43.267,-21.630,-25.197,-28.486,-29.909,4.331,-0.911,-6.428,-13.358
965.0,965,957,-16.582,-24.719,-33.465,-41.814,-18.749,-23.817,-25.391,-27.266,2.166,-0.901,-8.075,-14.547
966.0,966,958,-17.087,-23.735,-31.515,-42.620,-18.456,-23.162,-26.712,-26.690,1.368,-0.574,-4.803,-15.931
967.0,967,959,-16.099,-23.758,-32.708,-41.447,-18.836,-22.694,-25.413,-27.276,2.737,-1.064,-7.294,-14.171
968.0,968,960,-14.695,-23.088,-32.904,-39.759,-17.259,-21.926,-23.840,-25.616,2.564,-1.162,-9.064,-14.143
969.0,969,961,-14.290,-22.419,-30.393,-38.593,-17.085,-21.043,-22.524,-25.600,2.795,-1.377,-7.869,-12.993
970.0,970,962,-14.971,-23.890,-30.985,-36.532,-16.883,-22.447,-23.805,-25.421,1.912,-1.443,-7.180,-11.111
971.0,971,963,-15.716,-24.019,-29.471,-35.388,-18.582,-22.612,-23.884,-26.909,2.866,-1.407,-5.587,-8.479
972.0,972,964,-15.880,-26.140,-32.800,-38.601,-20.357,-24.741,-26.792,-28.395,4.477,-1.400,-6.008,-10.205
973.0,973,965,-15.099,-24.994,-32.143,-39.854,-18.190,-23.312,-25.009,-26.711,3.091,-1.682,-7.134,-13.143
974.0,974,966,-15.928,-24.901,-34.704,-40.468,-18.592,-23.479,-25.187,-27.092,2.664,-1.422,-9.517,-13.377
975.0,975,967,-14.666,-23.310,-34.943,-41.070,-18.341,-22.549,-25.051,-26.833,3.675,-0.761,-9.893,-14.237
976.0,976,968,-16.720,-24.909,-35.835,-41.676,-19.200,-23.683,-25.141,-27.700,2.480,-1.226,-10.695,-13.976
977.0,977,969,-16.148,-24.980,-37.247,-43.517,-18.741,-24.197,-25.731,-27.174,2.593,-0.783,-11.515,-16.343
978.0,978,970,-17.956,-25.433,-33.665,-42.796,-18.986,-23.851,-25.712,-27.552,1.029,-1.582,-7.953,-15.244
979.0,979,971,-21.984,-27.653,-33.588,-38.730,-22.738,-26.184,-29.371,-31.019,0.755,-1.469,-4.217,-7.710
980.0,980,972,-19.301,-27.067,-32.494,-42.467,-20.880,-26.000,-27.572,-29.484,1.579,-1.067,-4.922,-12.983
981.0,981,973,-21.019,-27.990,-33.655,-41.398,-22.082,-26.716,-28.857,-30.816,1.063,-1.274,-4.798,-10.583
982.0,982,974,-17.385,-25.081,-31.805,-42.093,-18.809,-24.002,-26.696,-27.089,1.424,-1.079,-5.108,-15.004
983.0,983,975,-16.833,-24.518,-33.596,-42.315,-18.105,-23.226,-23.917,-26.578,1.272,-1.292,-9.679,-15.737
